signal_id,module,ticker,kind,date,market,horizon,ret,bench,excess
stocks:HTRO.ST:buy:2026-06-15,stocks,HTRO.ST,buy,2026-06-15,SE,1,-1.1847,0.2332,-1.4179
stocks:SINCH.ST:buy:2026-06-15,stocks,SINCH.ST,buy,2026-06-15,SE,1,-5.2772,0.2332,-5.5104
stocks:TOBII.ST:buy:2026-06-15,stocks,TOBII.ST,buy,2026-06-15,SE,1,-7.0922,0.2332,-7.3254
stocks:ABB.ST:buy:2026-06-15,stocks,ABB.ST,buy,2026-06-15,SE,1,1.6414,0.2332,1.4081
stocks:MYCR.ST:buy:2026-06-15,stocks,MYCR.ST,buy,2026-06-15,SE,1,-2.7866,0.2332,-3.0198
stocks:INSTAL.ST:buy:2026-06-15,stocks,INSTAL.ST,buy,2026-06-15,SE,1,0.7349,0.2332,0.5017
stocks:SSAB-A.ST:buy:2026-06-15,stocks,SSAB-A.ST,buy,2026-06-15,SE,1,-0.8424,0.2332,-1.0756
stocks:SAND.ST:buy:2026-06-15,stocks,SAND.ST,buy,2026-06-15,SE,1,0.6181,0.2332,0.3849
stocks:BOL.ST:buy:2026-06-15,stocks,BOL.ST,buy,2026-06-15,SE,1,0.875,0.2332,0.6418
stocks:ERIC-B.ST:buy:2026-06-15,stocks,ERIC-B.ST,buy,2026-06-15,SE,1,-4.1903,0.2332,-4.4235
stocks:AMD:buy:2026-06-15,stocks,AMD,buy,2026-06-15,US,1,-7.3037,-0.2737,-7.03
stocks:CAT:buy:2026-06-15,stocks,CAT,buy,2026-06-15,US,1,1.2346,-0.2737,1.5082
stocks:CSCO:buy:2026-06-15,stocks,CSCO,buy,2026-06-15,US,1,-0.4993,-0.2737,-0.2256
stocks:QCOM:buy:2026-06-15,stocks,QCOM,buy,2026-06-15,US,1,-3.0524,-0.2737,-2.7787
stocks:TXN:buy:2026-06-15,stocks,TXN,buy,2026-06-15,US,1,-2.4351,-0.2737,-2.1614
stocks:GOOGL:buy:2026-06-15,stocks,GOOGL,buy,2026-06-15,US,1,1.0559,-0.2737,1.3296
stocks:AVGO:buy:2026-06-15,stocks,AVGO,buy,2026-06-15,US,1,-4.3738,-0.2737,-4.1001
stocks:GS:buy:2026-06-15,stocks,GS,buy,2026-06-15,US,1,1.3474,-0.2737,1.621
stocks:MS:buy:2026-06-15,stocks,MS,buy,2026-06-15,US,1,1.3075,-0.2737,1.5811
stocks:ORCL:buy:2026-06-15,stocks,ORCL,buy,2026-06-15,US,1,-2.2373,-0.2737,-1.9637
stocks:HTRO.ST:buy:2026-06-15,stocks,HTRO.ST,buy,2026-06-15,SE,5,-6.6202,0.226,-6.8462
stocks:SINCH.ST:buy:2026-06-15,stocks,SINCH.ST,buy,2026-06-15,SE,5,-7.4893,0.226,-7.7154
stocks:TOBII.ST:buy:2026-06-15,stocks,TOBII.ST,buy,2026-06-15,SE,5,-13.8298,0.226,-14.0558
stocks:INSTAL.ST:buy:2026-06-15,stocks,INSTAL.ST,buy,2026-06-15,SE,5,-1.4699,0.226,-1.6959
stocks:NOKIA-SEK.ST:buy:2026-06-18,stocks,NOKIA-SEK.ST,buy,2026-06-18,SE,1,3.8801,0.38,3.5001
stocks:MORROW.ST:buy:2026-06-18,stocks,MORROW.ST,buy,2026-06-18,SE,1,-0.1695,0.38,-0.5495
stocks:VPLAY-B.ST:buy:2026-06-18,stocks,VPLAY-B.ST,buy,2026-06-18,SE,1,-0.0763,0.38,-0.4563
stocks:HTRO.ST:buy:2026-06-18,stocks,HTRO.ST,buy,2026-06-18,SE,1,2.6271,0.38,2.2471
stocks:ACAST.ST:buy:2026-06-18,stocks,ACAST.ST,buy,2026-06-18,SE,1,0.6219,0.38,0.2419
stocks:ORRON.ST:buy:2026-06-18,stocks,ORRON.ST,buy,2026-06-18,SE,1,-0.6588,-1.1724,0.5137
stocks:OVZON.ST:buy:2026-06-18,stocks,OVZON.ST,buy,2026-06-18,SE,1,-3.2496,0.38,-3.6296
stocks:SALT-B.ST:buy:2026-06-18,stocks,SALT-B.ST,buy,2026-06-18,SE,1,-2.5066,0.38,-2.8866
stocks:NCAB.ST:buy:2026-06-18,stocks,NCAB.ST,buy,2026-06-18,SE,1,-0.4994,0.38,-0.8794
stocks:HOFI.ST:buy:2026-06-18,stocks,HOFI.ST,buy,2026-06-18,SE,1,1.8811,0.38,1.501
stocks:ABB.ST:buy:2026-06-15,stocks,ABB.ST,buy,2026-06-15,SE,5,5.6627,0.3618,5.3009
stocks:MYCR.ST:buy:2026-06-15,stocks,MYCR.ST,buy,2026-06-15,SE,5,-4.4965,0.3618,-4.8583
stocks:SSAB-A.ST:buy:2026-06-15,stocks,SSAB-A.ST,buy,2026-06-15,SE,5,-5.5104,0.3618,-5.8722
stocks:SAND.ST:buy:2026-06-15,stocks,SAND.ST,buy,2026-06-15,SE,5,1.2104,0.3618,0.8486
stocks:BOL.ST:buy:2026-06-15,stocks,BOL.ST,buy,2026-06-15,SE,5,-3.7452,0.3618,-4.107
stocks:ERIC-B.ST:buy:2026-06-15,stocks,ERIC-B.ST,buy,2026-06-15,SE,5,-2.2261,0.3618,-2.5879
stocks:AMD:buy:2026-06-15,stocks,AMD,buy,2026-06-15,US,5,-5.0086,-0.5046,-4.504
stocks:CAT:buy:2026-06-15,stocks,CAT,buy,2026-06-15,US,5,5.3869,-0.5046,5.8915
stocks:CSCO:buy:2026-06-15,stocks,CSCO,buy,2026-06-15,US,5,0.8155,-0.5046,1.3201
stocks:QCOM:buy:2026-06-15,stocks,QCOM,buy,2026-06-15,US,5,-7.554,-0.5046,-7.0494
stocks:TXN:buy:2026-06-15,stocks,TXN,buy,2026-06-15,US,5,-2.8659,-0.5046,-2.3613
stocks:GOOGL:buy:2026-06-15,stocks,GOOGL,buy,2026-06-15,US,5,-6.2867,-0.5046,-5.7822
stocks:AVGO:buy:2026-06-15,stocks,AVGO,buy,2026-06-15,US,5,-3.3478,-0.5046,-2.8432
stocks:GS:buy:2026-06-15,stocks,GS,buy,2026-06-15,US,5,1.6977,-0.5046,2.2022
stocks:MS:buy:2026-06-15,stocks,MS,buy,2026-06-15,US,5,3.693,-0.5046,4.1976
stocks:ORCL:buy:2026-06-15,stocks,ORCL,buy,2026-06-15,US,5,-14.2649,-0.5046,-13.7604
breakout:CAT:breakout:2026-06-19,breakout,CAT,breakout,2026-06-19,US,1,-3.7211,-0.7874,-2.9337
stocks:NOKIA-SEK.ST:buy:2026-06-18,stocks,NOKIA-SEK.ST,buy,2026-06-18,SE,5,1.0373,-0.3652,1.4025
stocks:MORROW.ST:buy:2026-06-18,stocks,MORROW.ST,buy,2026-06-18,SE,5,0.0,-0.3652,0.3652
stocks:VPLAY-B.ST:buy:2026-06-18,stocks,VPLAY-B.ST,buy,2026-06-18,SE,5,-9.2296,-0.3652,-8.8644
stocks:HTRO.ST:buy:2026-06-18,stocks,HTRO.ST,buy,2026-06-18,SE,5,-9.0246,-0.3652,-8.6594
stocks:ACAST.ST:buy:2026-06-18,stocks,ACAST.ST,buy,2026-06-18,SE,5,-5.0995,-0.3652,-4.7343
stocks:ORRON.ST:buy:2026-06-18,stocks,ORRON.ST,buy,2026-06-18,SE,5,1.4493,-0.3652,1.8145
stocks:OVZON.ST:buy:2026-06-18,stocks,OVZON.ST,buy,2026-06-18,SE,5,-8.1023,-0.3652,-7.7371
stocks:SALT-B.ST:buy:2026-06-18,stocks,SALT-B.ST,buy,2026-06-18,SE,5,-0.1319,-0.3652,0.2333
stocks:NCAB.ST:buy:2026-06-18,stocks,NCAB.ST,buy,2026-06-18,SE,5,1.2484,-0.3652,1.6136
stocks:HOFI.ST:buy:2026-06-18,stocks,HOFI.ST,buy,2026-06-18,SE,5,7.1602,-0.3652,7.5254
breakout:CAT:breakout:2026-06-19,breakout,CAT,breakout,2026-06-19,US,5,1.0672,-0.83,1.8972
breakout:WST:breakout:2026-06-26,breakout,WST,breakout,2026-06-26,US,1,1.0916,0.1924,0.8992
breakout:DVA:breakout:2026-06-27,breakout,DVA,breakout,2026-06-27,US,1,1.2654,1.0347,0.2306
breakout:LLY:breakout:2026-06-27,breakout,LLY,breakout,2026-06-27,US,1,-2.4798,1.0347,-3.5146
breakout:MOH:breakout:2026-06-27,breakout,MOH,breakout,2026-06-27,US,1,-0.3659,1.0347,-1.4007
breakout:CINT.ST:breakout:2026-07-01,breakout,CINT.ST,breakout,2026-07-01,SE,1,-0.1672,0.8007,-0.9679
stocks:CHEF.ST:buy:2026-07-01,stocks,CHEF.ST,buy,2026-07-01,SE,1,0.487,0.8007,-0.3136
stocks:ACAST.ST:buy:2026-07-01,stocks,ACAST.ST,buy,2026-07-01,SE,1,1.6129,0.8007,0.8123
stocks:VESTUM.ST:buy:2026-07-01,stocks,VESTUM.ST,buy,2026-07-01,SE,1,-0.4957,0.8007,-1.2963
stocks:ABB.ST:buy:2026-07-01,stocks,ABB.ST,buy,2026-07-01,SE,1,-1.2573,0.8007,-2.0579
stocks:BOOZT.ST:buy:2026-07-01,stocks,BOOZT.ST,buy,2026-07-01,SE,1,-0.6757,0.8007,-1.4763
stocks:UNH:buy:2026-07-01,stocks,UNH,buy,2026-07-01,US,1,-0.2767,0.0,-0.2767
breakout:WST:breakout:2026-06-26,breakout,WST,breakout,2026-06-26,US,5,1.9353,3.0577,-1.1224
scanner:SIVE.ST:big_move:2026-07-03,scanner,SIVE.ST,big_move,2026-07-03,SE,1,nan,0.0,nan
scanner:SIVE.ST:volume_spike:2026-07-03,scanner,SIVE.ST,volume_spike,2026-07-03,SE,1,nan,0.0,nan
scanner:EPIS-B.ST:big_move:2026-07-03,scanner,EPIS-B.ST,big_move,2026-07-03,SE,1,nan,0.0,nan
breakout:DVA:breakout:2026-06-27,breakout,DVA,breakout,2026-06-27,US,5,6.65,0.9055,5.7444
breakout:LLY:breakout:2026-06-27,breakout,LLY,breakout,2026-06-27,US,5,0.4578,0.9055,-0.4478
breakout:MOH:breakout:2026-06-27,breakout,MOH,breakout,2026-06-27,US,5,1.4638,0.9055,0.5583
scanner:SIVE.ST:big_move:2026-07-06,scanner,SIVE.ST,big_move,2026-07-06,SE,1,-11.6916,-0.9294,-10.7623
scanner:SIVE.ST:volume_spike:2026-07-06,scanner,SIVE.ST,volume_spike,2026-07-06,SE,1,-11.6916,-0.9294,-10.7623
scanner:ABB.ST:volume_spike:2026-07-06,scanner,ABB.ST,volume_spike,2026-07-06,SE,1,-3.8462,-0.9294,-2.9168
scanner:SPRINT.ST:big_move:2026-07-06,scanner,SPRINT.ST,big_move,2026-07-06,SE,1,4.8649,-0.9294,5.7942
scanner:AMD:big_move:2026-07-06,scanner,AMD,big_move,2026-07-06,US,1,-6.5103,-0.4752,-6.0351
scanner:QCOM:big_move:2026-07-06,scanner,QCOM,big_move,2026-07-06,US,1,-1.8822,-0.4752,-1.407
scanner:EPIS-B.ST:big_move:2026-07-06,scanner,EPIS-B.ST,big_move,2026-07-06,SE,1,-4.4118,-0.9294,-3.4824
breakout:CINT.ST:breakout:2026-07-01,breakout,CINT.ST,breakout,2026-07-01,SE,5,-0.1672,-1.2694,1.1022
stocks:CHEF.ST:buy:2026-07-01,stocks,CHEF.ST,buy,2026-07-01,SE,5,2.9221,-1.2694,4.1915
stocks:ACAST.ST:buy:2026-07-01,stocks,ACAST.ST,buy,2026-07-01,SE,5,-6.0794,-1.2694,-4.81
stocks:VESTUM.ST:buy:2026-07-01,stocks,VESTUM.ST,buy,2026-07-01,SE,5,-2.1066,-1.2694,-0.8371
stocks:ABB.ST:buy:2026-07-01,stocks,ABB.ST,buy,2026-07-01,SE,5,-4.3714,-1.2694,-3.102
stocks:BOOZT.ST:buy:2026-07-01,stocks,BOOZT.ST,buy,2026-07-01,SE,5,-1.8919,-1.2694,-0.6225
stocks:UNH:buy:2026-07-01,stocks,UNH,buy,2026-07-01,US,5,1.205,0.7978,0.4072
scanner:SPRINT.ST:big_move:2026-07-07,scanner,SPRINT.ST,big_move,2026-07-07,SE,1,-2.0619,-1.9024,-0.1595
scanner:NCAB.ST:big_move:2026-07-07,scanner,NCAB.ST,big_move,2026-07-07,SE,1,-1.9126,-1.9024,-0.0102
scanner:SIVE.ST:big_move:2026-07-07,scanner,SIVE.ST,big_move,2026-07-07,SE,1,-4.5587,-1.9024,-2.6563
scanner:SPRINT.ST:volume_spike:2026-07-07,scanner,SPRINT.ST,volume_spike,2026-07-07,SE,1,-2.0619,-1.9024,-0.1595
scanner:EPIS-B.ST:big_move:2026-07-07,scanner,EPIS-B.ST,big_move,2026-07-07,SE,1,1.8462,-1.9024,3.7485
scanner:SIVE.ST:volume_spike:2026-07-07,scanner,SIVE.ST,volume_spike,2026-07-07,SE,1,-4.5587,-1.9024,-2.6563
scanner:AMD:big_move:2026-07-07,scanner,AMD,big_move,2026-07-07,US,1,0.2519,-0.3089,0.5608
scanner:NOKIA-SEK.ST:big_move:2026-07-07,scanner,NOKIA-SEK.ST,big_move,2026-07-07,SE,1,-1.3889,-1.9024,0.5135
scanner:CAT:big_move:2026-07-07,scanner,CAT,big_move,2026-07-07,US,1,0.8467,-0.3089,1.1556
scanner:EPIS-B.ST:big_move:2026-07-08,scanner,EPIS-B.ST,big_move,2026-07-08,SE,1,-4.0786,1.3331,-5.4117
scanner:SIVE.ST:big_move:2026-07-08,scanner,SIVE.ST,big_move,2026-07-08,SE,1,6.1992,1.3331,4.8661
scanner:CHEF.ST:big_move:2026-07-08,scanner,CHEF.ST,big_move,2026-07-08,SE,1,1.735,1.3331,0.4019
scanner:NOKIA-SEK.ST:big_move:2026-07-08,scanner,NOKIA-SEK.ST,big_move,2026-07-08,SE,1,9.1109,1.3331,7.7778
scanner:HTRO.ST:big_move:2026-07-08,scanner,HTRO.ST,big_move,2026-07-08,SE,1,4.2266,1.3331,2.8935
scanner:EPIS-B.ST:volume_spike:2026-07-08,scanner,EPIS-B.ST,volume_spike,2026-07-08,SE,1,-4.0786,1.3331,-5.4117
scanner:NCAB.ST:big_move:2026-07-08,scanner,NCAB.ST,big_move,2026-07-08,SE,1,3.7604,1.3331,2.4273
scanner:AVGO:big_move:2026-07-08,scanner,AVGO,big_move,2026-07-08,US,1,3.1953,0.8465,2.3488
scanner:SIVE.ST:big_move:2026-07-03,scanner,SIVE.ST,big_move,2026-07-03,SE,5,-16.0213,-2.1327,-13.8886
scanner:SIVE.ST:volume_spike:2026-07-03,scanner,SIVE.ST,volume_spike,2026-07-03,SE,5,-16.0213,-2.1327,-13.8886
scanner:EPIS-B.ST:big_move:2026-07-03,scanner,EPIS-B.ST,big_move,2026-07-03,SE,5,-10.1389,-2.1327,-8.0062
scanner:SIVE.ST:big_move:2026-07-09,scanner,SIVE.ST,big_move,2026-07-09,SE,1,13.11,-0.2705,13.3806
scanner:CHEF.ST:big_move:2026-07-09,scanner,CHEF.ST,big_move,2026-07-09,SE,1,1.8605,-0.2705,2.131
scanner:SIVE.ST:volume_spike:2026-07-09,scanner,SIVE.ST,volume_spike,2026-07-09,SE,1,13.11,-0.2705,13.3806
scanner:SPRINT.ST:volume_spike:2026-07-09,scanner,SPRINT.ST,volume_spike,2026-07-09,SE,1,1.5789,-0.2705,1.8495
scanner:ABB.ST:volume_spike:2026-07-09,scanner,ABB.ST,volume_spike,2026-07-09,SE,1,-1.5779,-0.2705,-1.3074
scanner:NOKIA-SEK.ST:big_move:2026-07-09,scanner,NOKIA-SEK.ST,big_move,2026-07-09,SE,1,-3.0657,-0.2705,-2.7952
scanner:AMD:big_move:2026-07-09,scanner,AMD,big_move,2026-07-09,US,1,2.0431,0.431,1.6121
scanner:ERIC-B.ST:big_move:2026-07-09,scanner,ERIC-B.ST,big_move,2026-07-09,SE,1,-1.9137,-0.2705,-1.6431
scanner:MORROW.ST:big_move:2026-07-09,scanner,MORROW.ST,big_move,2026-07-09,SE,1,1.3534,-0.2705,1.6239
scanner:ERIC-B.ST:big_move:2026-07-10,scanner,ERIC-B.ST,big_move,2026-07-10,SE,1,2.314,-0.3343,2.6483
scanner:NOKIA-SEK.ST:big_move:2026-07-10,scanner,NOKIA-SEK.ST,big_move,2026-07-10,SE,1,-2.9546,-0.3343,-2.6204
scanner:SIVE.ST:volume_spike:2026-07-10,scanner,SIVE.ST,volume_spike,2026-07-10,SE,1,-9.4755,-0.3343,-9.1412
scanner:MORROW.ST:big_move:2026-07-10,scanner,MORROW.ST,big_move,2026-07-10,SE,1,0.1484,-0.3343,0.4827
scanner:EPIS-B.ST:big_move:2026-07-10,scanner,EPIS-B.ST,big_move,2026-07-10,SE,1,-0.9274,-0.3343,-0.5931
pead:BULTEN.ST:entry:2026-07-10,pead,BULTEN.ST,entry,2026-07-10,SE,1,-0.3899,-0.3343,-0.0556
pead:CARA.ST:entry:2026-07-10,pead,CARA.ST,entry,2026-07-10,SE,1,1.0246,-0.3343,1.3589
scanner:SIVE.ST:big_move:2026-07-06,scanner,SIVE.ST,big_move,2026-07-06,SE,5,-8.3512,-2.1131,-6.2381
scanner:SIVE.ST:volume_spike:2026-07-06,scanner,SIVE.ST,volume_spike,2026-07-06,SE,5,-8.3512,-2.1131,-6.2381
scanner:ABB.ST:volume_spike:2026-07-06,scanner,ABB.ST,volume_spike,2026-07-06,SE,5,-3.9615,-2.1131,-1.8484
scanner:SPRINT.ST:big_move:2026-07-06,scanner,SPRINT.ST,big_move,2026-07-06,SE,5,3.5135,-2.1131,5.6266
scanner:AMD:big_move:2026-07-06,scanner,AMD,big_move,2026-07-06,US,5,-3.199,-0.2809,-2.9181
scanner:QCOM:big_move:2026-07-06,scanner,QCOM,big_move,2026-07-06,US,5,-1.3406,-0.2809,-1.0598
scanner:EPIS-B.ST:big_move:2026-07-06,scanner,EPIS-B.ST,big_move,2026-07-06,SE,5,-5.7353,-2.1131,-3.6222
scanner:SPRINT.ST:big_move:2026-07-07,scanner,SPRINT.ST,big_move,2026-07-07,SE,5,-1.0309,-1.3312,0.3002
scanner:NCAB.ST:big_move:2026-07-07,scanner,NCAB.ST,big_move,2026-07-07,SE,5,2.5956,-1.3312,3.9268
scanner:SIVE.ST:big_move:2026-07-07,scanner,SIVE.ST,big_move,2026-07-07,SE,5,2.9098,-1.3312,4.241
scanner:SPRINT.ST:volume_spike:2026-07-07,scanner,SPRINT.ST,volume_spike,2026-07-07,SE,5,-1.0309,-1.3312,0.3002
scanner:EPIS-B.ST:big_move:2026-07-07,scanner,EPIS-B.ST,big_move,2026-07-07,SE,5,-5.5385,-1.3312,-4.2073
scanner:SIVE.ST:volume_spike:2026-07-07,scanner,SIVE.ST,volume_spike,2026-07-07,SE,5,2.9098,-1.3312,4.241
scanner:AMD:big_move:2026-07-07,scanner,AMD,big_move,2026-07-07,US,5,6.2041,0.551,5.6531
scanner:NOKIA-SEK.ST:big_move:2026-07-07,scanner,NOKIA-SEK.ST,big_move,2026-07-07,SE,5,-1.4757,-1.3312,-0.1445
scanner:CAT:big_move:2026-07-07,scanner,CAT,big_move,2026-07-07,US,5,-0.7212,0.551,-1.2722
scanner:SIVE.ST:big_move:2026-07-13,scanner,SIVE.ST,big_move,2026-07-13,SE,1,-0.8411,-0.138,-0.7031
scanner:MORROW.ST:volume_spike:2026-07-13,scanner,MORROW.ST,volume_spike,2026-07-13,SE,1,0.5926,-0.138,0.7306
pead:OEM-B.ST:entry:2026-07-13,pead,OEM-B.ST,entry,2026-07-13,SE,1,2.7523,-0.138,2.8903
breakout:OEM-B.ST:breakout:2026-07-13,breakout,OEM-B.ST,breakout,2026-07-13,SE,1,2.7523,-0.138,2.8903
stocks:HTRO.ST:buy:2026-06-15,stocks,HTRO.ST,buy,2026-06-15,SE,20,-20.5575,0.9083,-21.4658
stocks:SINCH.ST:buy:2026-06-15,stocks,SINCH.ST,buy,2026-06-15,SE,20,4.7708,0.9083,3.8625
stocks:TOBII.ST:buy:2026-06-15,stocks,TOBII.ST,buy,2026-06-15,SE,20,-28.1915,0.9083,-29.0998
stocks:ABB.ST:buy:2026-06-15,stocks,ABB.ST,buy,2026-06-15,SE,20,4.1752,0.9083,3.2669
stocks:MYCR.ST:buy:2026-06-15,stocks,MYCR.ST,buy,2026-06-15,SE,20,7.4098,0.9083,6.5014
stocks:INSTAL.ST:buy:2026-06-15,stocks,INSTAL.ST,buy,2026-06-15,SE,20,-5.4385,0.9083,-6.3468
stocks:SSAB-A.ST:buy:2026-06-15,stocks,SSAB-A.ST,buy,2026-06-15,SE,20,-0.6938,0.9083,-1.6021
stocks:SAND.ST:buy:2026-06-15,stocks,SAND.ST,buy,2026-06-15,SE,20,0.6438,0.9083,-0.2645
stocks:BOL.ST:buy:2026-06-15,stocks,BOL.ST,buy,2026-06-15,SE,20,-6.9654,0.9083,-7.8737
stocks:ERIC-B.ST:buy:2026-06-15,stocks,ERIC-B.ST,buy,2026-06-15,SE,20,-13.9764,0.9083,-14.8848
stocks:AMD:buy:2026-06-15,stocks,AMD,buy,2026-06-15,US,20,-3.311,0.255,-3.566
stocks:CAT:buy:2026-06-15,stocks,CAT,buy,2026-06-15,US,20,-2.1019,0.255,-2.3568
stocks:CSCO:buy:2026-06-15,stocks,CSCO,buy,2026-06-15,US,20,-6.6422,0.255,-6.8971
stocks:QCOM:buy:2026-06-15,stocks,QCOM,buy,2026-06-15,US,20,-19.3968,0.255,-19.6517
stocks:TXN:buy:2026-06-15,stocks,TXN,buy,2026-06-15,US,20,-3.8776,0.255,-4.1325
stocks:GOOGL:buy:2026-06-15,stocks,GOOGL,buy,2026-06-15,US,20,0.4251,0.255,0.1701
stocks:AVGO:buy:2026-06-15,stocks,AVGO,buy,2026-06-15,US,20,0.2447,0.255,-0.0103
stocks:GS:buy:2026-06-15,stocks,GS,buy,2026-06-15,US,20,7.0528,0.255,6.7978
stocks:MS:buy:2026-06-15,stocks,MS,buy,2026-06-15,US,20,4.8491,0.255,4.5941
stocks:ORCL:buy:2026-06-15,stocks,ORCL,buy,2026-06-15,US,20,-30.9848,0.255,-31.2397
scanner:EPIS-B.ST:big_move:2026-07-08,scanner,EPIS-B.ST,big_move,2026-07-08,SE,5,-5.5891,0.2029,-5.792
scanner:SIVE.ST:big_move:2026-07-08,scanner,SIVE.ST,big_move,2026-07-08,SE,5,0.7622,0.2029,0.5593
scanner:CHEF.ST:big_move:2026-07-08,scanner,CHEF.ST,big_move,2026-07-08,SE,5,0.6309,0.2029,0.428
scanner:NOKIA-SEK.ST:big_move:2026-07-08,scanner,NOKIA-SEK.ST,big_move,2026-07-08,SE,5,-5.0616,0.2029,-5.2645
scanner:HTRO.ST:big_move:2026-07-08,scanner,HTRO.ST,big_move,2026-07-08,SE,5,29.4964,0.2029,29.2935
scanner:EPIS-B.ST:volume_spike:2026-07-08,scanner,EPIS-B.ST,volume_spike,2026-07-08,SE,5,-5.5891,0.2029,-5.792
scanner:NCAB.ST:big_move:2026-07-08,scanner,NCAB.ST,big_move,2026-07-08,SE,5,4.3175,0.2029,4.1146
scanner:AVGO:big_move:2026-07-08,scanner,AVGO,big_move,2026-07-08,US,5,1.4382,1.2624,0.1758
scanner:MYCR.ST:big_move:2026-07-14,scanner,MYCR.ST,big_move,2026-07-14,SE,1,1.8868,-0.3772,2.264
scanner:SIVE.ST:big_move:2026-07-14,scanner,SIVE.ST,big_move,2026-07-14,SE,1,-6.5504,-0.3772,-6.1732
scanner:ERIC-B.ST:volume_spike:2026-07-14,scanner,ERIC-B.ST,volume_spike,2026-07-14,SE,1,-1.2584,-0.3772,-0.8812
scanner:MYCR.ST:volume_spike:2026-07-14,scanner,MYCR.ST,volume_spike,2026-07-14,SE,1,1.8868,-0.3772,2.264
scanner:HTRO.ST:volume_spike:2026-07-14,scanner,HTRO.ST,volume_spike,2026-07-14,SE,1,26.3158,-0.3772,26.693
scanner:EPIS-B.ST:big_move:2026-07-14,scanner,EPIS-B.ST,big_move,2026-07-14,SE,1,1.7915,-0.3772,2.1687
scanner:AMD:big_move:2026-07-14,scanner,AMD,big_move,2026-07-14,US,1,-3.4645,0.3964,-3.8609
scanner:GS:volume_spike:2026-07-14,scanner,GS,volume_spike,2026-07-14,US,1,1.0588,0.3964,0.6624
pead:AQ.ST:entry:2026-07-14,pead,AQ.ST,entry,2026-07-14,SE,1,-2.6667,-0.3772,-2.2895
pead:LIME.ST:entry:2026-07-14,pead,LIME.ST,entry,2026-07-14,SE,1,0.0,-0.3772,0.3772
pead:MYCR.ST:entry:2026-07-14,pead,MYCR.ST,entry,2026-07-14,SE,1,1.8868,-0.3772,2.264
breakout:MYCR.ST:breakout:2026-07-14,breakout,MYCR.ST,breakout,2026-07-14,SE,1,1.8868,-0.3772,2.264
scanner:SIVE.ST:big_move:2026-07-09,scanner,SIVE.ST,big_move,2026-07-09,SE,5,-14.8804,-1.1574,-13.723
scanner:CHEF.ST:big_move:2026-07-09,scanner,CHEF.ST,big_move,2026-07-09,SE,5,1.5504,-1.1574,2.7078
scanner:SIVE.ST:volume_spike:2026-07-09,scanner,SIVE.ST,volume_spike,2026-07-09,SE,5,-14.8804,-1.1574,-13.723
scanner:SPRINT.ST:volume_spike:2026-07-09,scanner,SPRINT.ST,volume_spike,2026-07-09,SE,5,-2.1053,-1.1574,-0.9478
scanner:ABB.ST:volume_spike:2026-07-09,scanner,ABB.ST,volume_spike,2026-07-09,SE,5,-7.7515,-1.1574,-6.5941
scanner:NOKIA-SEK.ST:big_move:2026-07-09,scanner,NOKIA-SEK.ST,big_move,2026-07-09,SE,5,-18.4349,-1.1574,-17.2774
scanner:AMD:big_move:2026-07-09,scanner,AMD,big_move,2026-07-09,US,5,-8.3736,-0.1317,-8.2419
scanner:ERIC-B.ST:big_move:2026-07-09,scanner,ERIC-B.ST,big_move,2026-07-09,SE,5,-14.6952,-1.1574,-13.5377
scanner:MORROW.ST:big_move:2026-07-09,scanner,MORROW.ST,big_move,2026-07-09,SE,5,0.3008,-1.1574,1.4582
scanner:ERIC-B.ST:big_move:2026-07-15,scanner,ERIC-B.ST,big_move,2026-07-15,SE,1,-1.5005,-0.0425,-1.458
scanner:MYCR.ST:big_move:2026-07-15,scanner,MYCR.ST,big_move,2026-07-15,SE,1,1.2731,-0.0425,1.3157
scanner:NCAB.ST:big_move:2026-07-15,scanner,NCAB.ST,big_move,2026-07-15,SE,1,1.3351,-0.0425,1.3776
scanner:HTRO.ST:volume_spike:2026-07-15,scanner,HTRO.ST,volume_spike,2026-07-15,SE,1,5.1389,-0.0425,5.1814
scanner:MYCR.ST:volume_spike:2026-07-15,scanner,MYCR.ST,volume_spike,2026-07-15,SE,1,1.2731,-0.0425,1.3157
scanner:GS:big_move:2026-07-15,scanner,GS,big_move,2026-07-15,US,1,-4.9138,-0.5419,-4.3719
scanner:GS:volume_spike:2026-07-15,scanner,GS,volume_spike,2026-07-15,US,1,-4.9138,-0.5419,-4.3719
scanner:MS:volume_spike:2026-07-15,scanner,MS,volume_spike,2026-07-15,US,1,-4.4542,-0.5419,-3.9123
scanner:SIVE.ST:big_move:2026-07-15,scanner,SIVE.ST,big_move,2026-07-15,SE,1,-10.2874,-0.0425,-10.2449
scanner:CSCO:big_move:2026-07-15,scanner,CSCO,big_move,2026-07-15,US,1,-1.8878,-0.5419,-1.3459
scanner:AMD:big_move:2026-07-15,scanner,AMD,big_move,2026-07-15,US,1,-5.3294,-0.5419,-4.7875
pead:JPM:entry:2026-07-15,pead,JPM,entry,2026-07-15,US,1,-1.0839,-0.5419,-0.542
pead:BAC:entry:2026-07-15,pead,BAC,entry,2026-07-15,US,1,-0.1624,-0.5419,0.3795
pead:GS:entry:2026-07-15,pead,GS,entry,2026-07-15,US,1,-4.9138,-0.5419,-4.3719
pead:MS:entry:2026-07-15,pead,MS,entry,2026-07-15,US,1,-4.4542,-0.5419,-3.9123
stocks:NOKIA-SEK.ST:buy:2026-06-18,stocks,NOKIA-SEK.ST,buy,2026-06-18,SE,20,-24.902,-0.9973,-23.9048
stocks:MORROW.ST:buy:2026-06-18,stocks,MORROW.ST,buy,2026-06-18,SE,20,9.1525,-0.9973,10.1498
stocks:VPLAY-B.ST:buy:2026-06-18,stocks,VPLAY-B.ST,buy,2026-06-18,SE,20,5.6445,-0.9973,6.6418
stocks:HTRO.ST:buy:2026-06-18,stocks,HTRO.ST,buy,2026-06-18,SE,20,10.4354,-0.9973,11.4327
stocks:ACAST.ST:buy:2026-06-18,stocks,ACAST.ST,buy,2026-06-18,SE,20,-7.2139,-0.9973,-6.2167
stocks:ORRON.ST:buy:2026-06-18,stocks,ORRON.ST,buy,2026-06-18,SE,20,-5.6654,-0.9973,-4.6681
stocks:OVZON.ST:buy:2026-06-18,stocks,OVZON.ST,buy,2026-06-18,SE,20,-15.7712,-0.9973,-14.7739
stocks:SALT-B.ST:buy:2026-06-18,stocks,SALT-B.ST,buy,2026-06-18,SE,20,-24.8021,-0.9973,-23.8048
stocks:NCAB.ST:buy:2026-06-18,stocks,NCAB.ST,buy,2026-06-18,SE,20,-8.3645,-0.9973,-7.3673
stocks:HOFI.ST:buy:2026-06-18,stocks,HOFI.ST,buy,2026-06-18,SE,20,6.0073,-0.9973,7.0046
scanner:ERIC-B.ST:big_move:2026-07-10,scanner,ERIC-B.ST,big_move,2026-07-10,SE,5,-13.5572,-0.9705,-12.5867
scanner:NOKIA-SEK.ST:big_move:2026-07-10,scanner,NOKIA-SEK.ST,big_move,2026-07-10,SE,5,-18.6517,-0.9705,-17.6812
scanner:SIVE.ST:volume_spike:2026-07-10,scanner,SIVE.ST,volume_spike,2026-07-10,SE,5,-29.1878,-0.9705,-28.2173
scanner:MORROW.ST:big_move:2026-07-10,scanner,MORROW.ST,big_move,2026-07-10,SE,5,-4.451,-0.9705,-3.4805
scanner:EPIS-B.ST:big_move:2026-07-10,scanner,EPIS-B.ST,big_move,2026-07-10,SE,5,-10.8192,-0.9705,-9.8487
pead:BULTEN.ST:entry:2026-07-10,pead,BULTEN.ST,entry,2026-07-10,SE,5,0.7797,-0.9705,1.7502
pead:CARA.ST:entry:2026-07-10,pead,CARA.ST,entry,2026-07-10,SE,5,-0.8197,-0.9705,0.1508
scanner:SPRINT.ST:big_move:2026-07-16,scanner,SPRINT.ST,big_move,2026-07-16,SE,1,-1.6129,-0.0819,-1.531
scanner:HTRO.ST:volume_spike:2026-07-16,scanner,HTRO.ST,volume_spike,2026-07-16,SE,1,-0.044,-0.0819,0.0379
scanner:SIVE.ST:big_move:2026-07-16,scanner,SIVE.ST,big_move,2026-07-16,SE,1,-5.9022,-0.0819,-5.8203
scanner:ABB.ST:volume_spike:2026-07-16,scanner,ABB.ST,volume_spike,2026-07-16,SE,1,1.0477,-0.0819,1.1296
scanner:BOOZT.ST:volume_spike:2026-07-16,scanner,BOOZT.ST,volume_spike,2026-07-16,SE,1,-1.0672,-0.0819,-0.9852
scanner:ACCON.ST:volume_spike:2026-07-16,scanner,ACCON.ST,volume_spike,2026-07-16,SE,1,-13.5731,-0.0819,-13.4912
scanner:NOKIA-SEK.ST:big_move:2026-07-16,scanner,NOKIA-SEK.ST,big_move,2026-07-16,SE,1,-3.3234,-0.0819,-3.2415
scanner:UNH:volume_spike:2026-07-16,scanner,UNH,volume_spike,2026-07-16,US,1,0.6401,-0.9897,1.6298
scanner:AMD:big_move:2026-07-16,scanner,AMD,big_move,2026-07-16,US,1,-1.0341,-0.9897,-0.0443
pead:UNH:entry:2026-07-16,pead,UNH,entry,2026-07-16,US,1,0.6401,-0.9897,1.6298
pead:GE:entry:2026-07-16,pead,GE,entry,2026-07-16,US,1,0.8966,-0.9897,1.8864
pead:BUFAB.ST:entry:2026-07-16,pead,BUFAB.ST,entry,2026-07-16,SE,1,-0.2869,-0.0819,-0.205
pead:CAMX.ST:entry:2026-07-16,pead,CAMX.ST,entry,2026-07-16,SE,1,-1.6432,-0.0819,-1.5613
pead:CLA-B.ST:entry:2026-07-16,pead,CLA-B.ST,entry,2026-07-16,SE,1,2.2523,-0.0819,2.3342
pead:EPEN.ST:entry:2026-07-16,pead,EPEN.ST,entry,2026-07-16,SE,1,-2.8607,-0.0819,-2.7788
pead:GRNG.ST:entry:2026-07-16,pead,GRNG.ST,entry,2026-07-16,SE,1,1.0095,-0.0819,1.0915
pead:HTRO.ST:entry:2026-07-16,pead,HTRO.ST,entry,2026-07-16,SE,1,-0.044,-0.0819,0.0379
pead:INDT.ST:entry:2026-07-16,pead,INDT.ST,entry,2026-07-16,SE,1,-2.6667,-0.0819,-2.5847
pead:INWI.ST:entry:2026-07-16,pead,INWI.ST,entry,2026-07-16,SE,1,-1.6083,-0.0819,-1.5264
pead:MIPS.ST:entry:2026-07-16,pead,MIPS.ST,entry,2026-07-16,SE,1,7.4819,-0.0819,7.5638
pead:PACT.ST:entry:2026-07-16,pead,PACT.ST,entry,2026-07-16,SE,1,-2.9457,-0.0819,-2.8638
pead:PEAB-B.ST:entry:2026-07-16,pead,PEAB-B.ST,entry,2026-07-16,SE,1,-0.9174,-0.0819,-0.8355
pead:TROAX.ST:entry:2026-07-16,pead,TROAX.ST,entry,2026-07-16,SE,1,-2.2346,-0.0819,-2.1527
pead:VITR.ST:entry:2026-07-16,pead,VITR.ST,entry,2026-07-16,SE,1,-4.4019,-0.0819,-4.3199
breakout:JBHT:breakout:2026-07-16,breakout,JBHT,breakout,2026-07-16,US,1,-2.3458,-0.9897,-1.3561
breakout:KAMBI.ST:breakout:2026-07-16,breakout,KAMBI.ST,breakout,2026-07-16,SE,1,0.9581,-0.0819,1.04
scanner:NOKIA-SEK.ST:big_move:2026-07-17,scanner,NOKIA-SEK.ST,big_move,2026-07-17,SE,1,nan,0.0,nan
scanner:ACCON.ST:volume_spike:2026-07-17,scanner,ACCON.ST,volume_spike,2026-07-17,SE,1,nan,0.0,nan
scanner:SIVE.ST:big_move:2026-07-17,scanner,SIVE.ST,big_move,2026-07-17,SE,1,nan,0.0,nan
scanner:ABB.ST:big_move:2026-07-17,scanner,ABB.ST,big_move,2026-07-17,SE,1,nan,0.0,nan
scanner:VOLV-B.ST:volume_spike:2026-07-17,scanner,VOLV-B.ST,volume_spike,2026-07-17,SE,1,nan,0.0,nan
scanner:EVO.ST:volume_spike:2026-07-17,scanner,EVO.ST,volume_spike,2026-07-17,SE,1,nan,0.0,nan
scanner:INSTAL.ST:volume_spike:2026-07-17,scanner,INSTAL.ST,volume_spike,2026-07-17,SE,1,nan,0.0,nan
scanner:NOKIA-SEK.ST:volume_spike:2026-07-17,scanner,NOKIA-SEK.ST,volume_spike,2026-07-17,SE,1,nan,0.0,nan
scanner:EPIS-B.ST:big_move:2026-07-17,scanner,EPIS-B.ST,big_move,2026-07-17,SE,1,nan,0.0,nan
scanner:ABB.ST:volume_spike:2026-07-17,scanner,ABB.ST,volume_spike,2026-07-17,SE,1,nan,0.0,nan
scanner:SIVE.ST:volume_spike:2026-07-17,scanner,SIVE.ST,volume_spike,2026-07-17,SE,1,nan,0.0,nan
scanner:HTRO.ST:big_move:2026-07-17,scanner,HTRO.ST,big_move,2026-07-17,SE,1,nan,0.0,nan
scanner:SAND.ST:big_move:2026-07-17,scanner,SAND.ST,big_move,2026-07-17,SE,1,nan,0.0,nan
scanner:NCAB.ST:big_move:2026-07-17,scanner,NCAB.ST,big_move,2026-07-17,SE,1,nan,0.0,nan
scanner:MORROW.ST:volume_spike:2026-07-17,scanner,MORROW.ST,volume_spike,2026-07-17,SE,1,nan,0.0,nan
scanner:NVDA:volume_spike:2026-07-17,scanner,NVDA,volume_spike,2026-07-17,US,1,0.2317,-0.1614,0.3932
scanner:MS:volume_spike:2026-07-17,scanner,MS,volume_spike,2026-07-17,US,1,-2.116,-0.1614,-1.9546
scanner:GOOGL:volume_spike:2026-07-17,scanner,GOOGL,volume_spike,2026-07-17,US,1,1.5053,-0.1614,1.6668
scanner:AVGO:volume_spike:2026-07-17,scanner,AVGO,volume_spike,2026-07-17,US,1,1.9767,-0.1614,2.1381
scanner:GS:volume_spike:2026-07-17,scanner,GS,volume_spike,2026-07-17,US,1,-0.9566,-0.1614,-0.7952
scanner:AMD:volume_spike:2026-07-17,scanner,AMD,volume_spike,2026-07-17,US,1,1.5754,-0.1614,1.7368
scanner:UNH:volume_spike:2026-07-17,scanner,UNH,volume_spike,2026-07-17,US,1,-1.0655,-0.1614,-0.9041
pead:ISRG:entry:2026-07-17,pead,ISRG,entry,2026-07-17,US,1,2.2436,-0.1614,2.4051
breakout:CAT:breakout:2026-06-19,breakout,CAT,breakout,2026-06-19,US,20,-12.7811,0.5226,-13.3037
scanner:SIVE.ST:big_move:2026-07-13,scanner,SIVE.ST,big_move,2026-07-13,SE,5,-22.1495,-1.047,-21.1025
scanner:MORROW.ST:volume_spike:2026-07-13,scanner,MORROW.ST,volume_spike,2026-07-13,SE,5,-4.5926,-1.047,-3.5456
pead:OEM-B.ST:entry:2026-07-13,pead,OEM-B.ST,entry,2026-07-13,SE,5,3.6697,-1.047,4.7167
breakout:OEM-B.ST:breakout:2026-07-13,breakout,OEM-B.ST,breakout,2026-07-13,SE,5,3.6697,-1.047,4.7167
scanner:MYCR.ST:big_move:2026-07-14,scanner,MYCR.ST,big_move,2026-07-14,SE,5,2.2995,-0.5201,2.8196
scanner:SIVE.ST:big_move:2026-07-14,scanner,SIVE.ST,big_move,2026-07-14,SE,5,-3.4401,-0.5201,-2.92
scanner:ERIC-B.ST:volume_spike:2026-07-14,scanner,ERIC-B.ST,volume_spike,2026-07-14,SE,5,-5.825,-0.5201,-5.3049
scanner:MYCR.ST:volume_spike:2026-07-14,scanner,MYCR.ST,volume_spike,2026-07-14,SE,5,2.2995,-0.5201,2.8196
scanner:HTRO.ST:volume_spike:2026-07-14,scanner,HTRO.ST,volume_spike,2026-07-14,SE,5,18.4795,-0.5201,18.9996
scanner:EPIS-B.ST:big_move:2026-07-14,scanner,EPIS-B.ST,big_move,2026-07-14,SE,5,-5.5375,-0.5201,-5.0174
scanner:AMD:big_move:2026-07-14,scanner,AMD,big_move,2026-07-14,US,5,-0.675,-0.4722,-0.2028
scanner:GS:volume_spike:2026-07-14,scanner,GS,volume_spike,2026-07-14,US,5,-4.7754,-0.4722,-4.3033
pead:AQ.ST:entry:2026-07-14,pead,AQ.ST,entry,2026-07-14,SE,5,-7.0222,-0.5201,-6.5021
pead:LIME.ST:entry:2026-07-14,pead,LIME.ST,entry,2026-07-14,SE,5,-3.1891,-0.5201,-2.669
pead:MYCR.ST:entry:2026-07-14,pead,MYCR.ST,entry,2026-07-14,SE,5,2.2995,-0.5201,2.8196
breakout:MYCR.ST:breakout:2026-07-14,breakout,MYCR.ST,breakout,2026-07-14,SE,5,2.2995,-0.5201,2.8196
scanner:ACCON.ST:volume_spike:2026-07-20,scanner,ACCON.ST,volume_spike,2026-07-20,SE,1,5.0258,0.3937,4.632
scanner:EVO.ST:volume_spike:2026-07-20,scanner,EVO.ST,volume_spike,2026-07-20,SE,1,-3.4715,0.3937,-3.8652
scanner:AMD:volume_spike:2026-07-20,scanner,AMD,volume_spike,2026-07-20,US,1,8.1141,0.8341,7.2799
breakout:ALLEI.ST:breakout:2026-07-20,breakout,ALLEI.ST,breakout,2026-07-20,SE,1,0.4673,0.3937,0.0735
breakout:KARNEL-B.ST:breakout:2026-07-20,breakout,KARNEL-B.ST,breakout,2026-07-20,SE,1,0.1106,0.3937,-0.2831
scanner:ERIC-B.ST:big_move:2026-07-15,scanner,ERIC-B.ST,big_move,2026-07-15,SE,5,-4.4399,1.1191,-5.5589
scanner:MYCR.ST:big_move:2026-07-15,scanner,MYCR.ST,big_move,2026-07-15,SE,5,1.3889,1.1191,0.2698
scanner:NCAB.ST:big_move:2026-07-15,scanner,NCAB.ST,big_move,2026-07-15,SE,5,4.6729,1.1191,3.5538
scanner:HTRO.ST:volume_spike:2026-07-15,scanner,HTRO.ST,volume_spike,2026-07-15,SE,5,-5.3009,1.1191,-6.42
scanner:MYCR.ST:volume_spike:2026-07-15,scanner,MYCR.ST,volume_spike,2026-07-15,SE,5,1.3889,1.1191,0.2698
scanner:GS:big_move:2026-07-15,scanner,GS,big_move,2026-07-15,US,5,-4.6759,-0.9804,-3.6955
scanner:GS:volume_spike:2026-07-15,scanner,GS,volume_spike,2026-07-15,US,5,-4.6759,-0.9804,-3.6955
scanner:MS:volume_spike:2026-07-15,scanner,MS,volume_spike,2026-07-15,US,5,-4.3973,-0.9804,-3.4169
scanner:SIVE.ST:big_move:2026-07-15,scanner,SIVE.ST,big_move,2026-07-15,SE,5,-4.7907,1.1191,-5.9098
scanner:CSCO:big_move:2026-07-15,scanner,CSCO,big_move,2026-07-15,US,5,0.3937,-0.9804,1.3741
scanner:AMD:big_move:2026-07-15,scanner,AMD,big_move,2026-07-15,US,5,4.3826,-0.9804,5.363
pead:JPM:entry:2026-07-15,pead,JPM,entry,2026-07-15,US,5,0.3747,-0.9804,1.3551
pead:BAC:entry:2026-07-15,pead,BAC,entry,2026-07-15,US,5,0.0487,-0.9804,1.0291
pead:GS:entry:2026-07-15,pead,GS,entry,2026-07-15,US,5,-4.6759,-0.9804,-3.6955
pead:MS:entry:2026-07-15,pead,MS,entry,2026-07-15,US,5,-4.3973,-0.9804,-3.4169
scanner:HTRO.ST:big_move:2026-07-21,scanner,HTRO.ST,big_move,2026-07-21,SE,1,0.9625,1.2643,-0.3018
scanner:ACCON.ST:big_move:2026-07-21,scanner,ACCON.ST,big_move,2026-07-21,SE,1,1.4724,1.2643,0.2081
scanner:BOL.ST:volume_spike:2026-07-21,scanner,BOL.ST,volume_spike,2026-07-21,SE,1,4.0898,1.2643,2.8254
scanner:SIVE.ST:big_move:2026-07-21,scanner,SIVE.ST,big_move,2026-07-21,SE,1,-7.8575,1.2643,-9.1218
scanner:SPRINT.ST:volume_spike:2026-07-21,scanner,SPRINT.ST,volume_spike,2026-07-21,SE,1,-0.2786,1.2643,-1.5429
scanner:EPIS-B.ST:big_move:2026-07-21,scanner,EPIS-B.ST,big_move,2026-07-21,SE,1,-4.8276,1.2643,-6.0919
scanner:AMD:big_move:2026-07-21,scanner,AMD,big_move,2026-07-21,US,1,1.4511,-0.1163,1.5673
pead:ALLEI.ST:entry:2026-07-21,pead,ALLEI.ST,entry,2026-07-21,SE,1,0.9302,1.2643,-0.3341
pead:BILL.ST:entry:2026-07-21,pead,BILL.ST,entry,2026-07-21,SE,1,3.9568,1.2643,2.6925
pead:BYGGP.ST:entry:2026-07-21,pead,BYGGP.ST,entry,2026-07-21,SE,1,1.3483,1.2643,0.084
pead:CEVI.ST:entry:2026-07-21,pead,CEVI.ST,entry,2026-07-21,SE,1,-1.7956,1.2643,-3.0599
pead:ENGCON-B.ST:entry:2026-07-21,pead,ENGCON-B.ST,entry,2026-07-21,SE,1,-0.7375,1.2643,-2.0018
pead:GETI-B.ST:entry:2026-07-21,pead,GETI-B.ST,entry,2026-07-21,SE,1,0.2579,1.2643,-1.0064
pead:HEM.ST:entry:2026-07-21,pead,HEM.ST,entry,2026-07-21,SE,1,-0.8646,1.2643,-2.1289
pead:HPOL-B.ST:entry:2026-07-21,pead,HPOL-B.ST,entry,2026-07-21,SE,1,1.971,1.2643,0.7067
pead:INSTAL.ST:entry:2026-07-21,pead,INSTAL.ST,entry,2026-07-21,SE,1,-1.8353,1.2643,-3.0996
pead:KARNEL-B.ST:entry:2026-07-21,pead,KARNEL-B.ST,entry,2026-07-21,SE,1,1.6575,1.2643,0.3931
pead:KNOW.ST:entry:2026-07-21,pead,KNOW.ST,entry,2026-07-21,SE,1,-1.6968,1.2643,-2.9612
pead:MCAP.ST:entry:2026-07-21,pead,MCAP.ST,entry,2026-07-21,SE,1,2.5893,1.2643,1.325
pead:MMGR-B.ST:entry:2026-07-21,pead,MMGR-B.ST,entry,2026-07-21,SE,1,1.9152,1.2643,0.6509
pead:MTG-B.ST:entry:2026-07-21,pead,MTG-B.ST,entry,2026-07-21,SE,1,-0.3968,1.2643,-1.6612
pead:MTRS.ST:entry:2026-07-21,pead,MTRS.ST,entry,2026-07-21,SE,1,2.3014,1.2643,1.037
pead:NOBI.ST:entry:2026-07-21,pead,NOBI.ST,entry,2026-07-21,SE,1,1.3158,1.2643,0.0515
pead:RUG.ST:entry:2026-07-21,pead,RUG.ST,entry,2026-07-21,SE,1,-2.2321,1.2643,-3.4965
pead:SAAB-B.ST:entry:2026-07-21,pead,SAAB-B.ST,entry,2026-07-21,SE,1,1.9104,1.2643,0.6461
pead:TRUE-B.ST:entry:2026-07-21,pead,TRUE-B.ST,entry,2026-07-21,SE,1,-2.447,1.2643,-3.7114
pead:VIMIAN.ST:entry:2026-07-21,pead,VIMIAN.ST,entry,2026-07-21,SE,1,0.7407,1.2643,-0.5236
pead:VPLAY-B.ST:entry:2026-07-21,pead,VPLAY-B.ST,entry,2026-07-21,SE,1,5.8049,1.2643,4.5406
breakout:MILDEF.ST:breakout:2026-07-21,breakout,MILDEF.ST,breakout,2026-07-21,SE,1,8.4507,1.2643,7.1864
breakout:MTG-B.ST:breakout:2026-07-21,breakout,MTG-B.ST,breakout,2026-07-21,SE,1,-0.3968,1.2643,-1.6612
scanner:SPRINT.ST:big_move:2026-07-16,scanner,SPRINT.ST,big_move,2026-07-16,SE,5,0.8065,0.5582,0.2483
scanner:HTRO.ST:volume_spike:2026-07-16,scanner,HTRO.ST,volume_spike,2026-07-16,SE,5,-11.9551,0.5582,-12.5133
scanner:SIVE.ST:big_move:2026-07-16,scanner,SIVE.ST,big_move,2026-07-16,SE,5,-5.3963,0.5582,-5.9545
scanner:ABB.ST:volume_spike:2026-07-16,scanner,ABB.ST,volume_spike,2026-07-16,SE,5,2.074,0.5582,1.5158
scanner:BOOZT.ST:volume_spike:2026-07-16,scanner,BOOZT.ST,volume_spike,2026-07-16,SE,5,-0.2511,0.5582,-0.8093
scanner:ACCON.ST:volume_spike:2026-07-16,scanner,ACCON.ST,volume_spike,2026-07-16,SE,5,-7.1926,0.5582,-7.7508
scanner:NOKIA-SEK.ST:big_move:2026-07-16,scanner,NOKIA-SEK.ST,big_move,2026-07-16,SE,5,-4.3126,0.5582,-4.8707
scanner:UNH:volume_spike:2026-07-16,scanner,UNH,volume_spike,2026-07-16,US,5,0.0425,-1.6704,1.7129
scanner:AMD:big_move:2026-07-16,scanner,AMD,big_move,2026-07-16,US,5,7.7355,-1.6704,9.4059
pead:UNH:entry:2026-07-16,pead,UNH,entry,2026-07-16,US,5,0.0425,-1.6704,1.7129
pead:GE:entry:2026-07-16,pead,GE,entry,2026-07-16,US,5,0.9458,-1.6704,2.6162
pead:BUFAB.ST:entry:2026-07-16,pead,BUFAB.ST,entry,2026-07-16,SE,5,-2.2956,0.5582,-2.8537
pead:CAMX.ST:entry:2026-07-16,pead,CAMX.ST,entry,2026-07-16,SE,5,-3.7559,0.5582,-4.3141
pead:CLA-B.ST:entry:2026-07-16,pead,CLA-B.ST,entry,2026-07-16,SE,5,1.1712,0.5582,0.613
pead:EPEN.ST:entry:2026-07-16,pead,EPEN.ST,entry,2026-07-16,SE,5,-4.1045,0.5582,-4.6627
pead:GRNG.ST:entry:2026-07-16,pead,GRNG.ST,entry,2026-07-16,SE,5,1.0656,0.5582,0.5074
pead:HTRO.ST:entry:2026-07-16,pead,HTRO.ST,entry,2026-07-16,SE,5,-11.9551,0.5582,-12.5133
pead:INDT.ST:entry:2026-07-16,pead,INDT.ST,entry,2026-07-16,SE,5,-5.7255,0.5582,-6.2837
pead:INWI.ST:entry:2026-07-16,pead,INWI.ST,entry,2026-07-16,SE,5,-6.031,0.5582,-6.5892
pead:MIPS.ST:entry:2026-07-16,pead,MIPS.ST,entry,2026-07-16,SE,5,5.5835,0.5582,5.0253
pead:PACT.ST:entry:2026-07-16,pead,PACT.ST,entry,2026-07-16,SE,5,-7.5969,0.5582,-8.1551
pead:PEAB-B.ST:entry:2026-07-16,pead,PEAB-B.ST,entry,2026-07-16,SE,5,-1.2412,0.5582,-1.7994
pead:TROAX.ST:entry:2026-07-16,pead,TROAX.ST,entry,2026-07-16,SE,5,-8.3799,0.5582,-8.9381
pead:VITR.ST:entry:2026-07-16,pead,VITR.ST,entry,2026-07-16,SE,5,-11.3931,0.5582,-11.9512
breakout:JBHT:breakout:2026-07-16,breakout,JBHT,breakout,2026-07-16,US,5,-3.0294,-1.6704,-1.359
breakout:KAMBI.ST:breakout:2026-07-16,breakout,KAMBI.ST,breakout,2026-07-16,SE,5,1.1976,0.5582,0.6394
scanner:SIVE.ST:big_move:2026-07-22,scanner,SIVE.ST,big_move,2026-07-22,SE,1,-10.858,-0.597,-10.2611
scanner:SINCH.ST:big_move:2026-07-22,scanner,SINCH.ST,big_move,2026-07-22,SE,1,-4.0962,-0.597,-3.4992
scanner:NCAB.ST:big_move:2026-07-22,scanner,NCAB.ST,big_move,2026-07-22,SE,1,-0.6378,-0.597,-0.0408
scanner:NCAB.ST:volume_spike:2026-07-22,scanner,NCAB.ST,volume_spike,2026-07-22,SE,1,-0.6378,-0.597,-0.0408
scanner:SSAB-A.ST:volume_spike:2026-07-22,scanner,SSAB-A.ST,volume_spike,2026-07-22,SE,1,-0.9883,-0.597,-0.3913
scanner:SINCH.ST:volume_spike:2026-07-22,scanner,SINCH.ST,volume_spike,2026-07-22,SE,1,-4.0962,-0.597,-3.4992
scanner:SOBI.ST:volume_spike:2026-07-22,scanner,SOBI.ST,volume_spike,2026-07-22,SE,1,-1.0363,-0.597,-0.4393
pead:GOOGL:entry:2026-07-22,pead,GOOGL,entry,2026-07-22,US,1,-7.1326,-1.2349,-5.8977
scanner:NOKIA-SEK.ST:big_move:2026-07-17,scanner,NOKIA-SEK.ST,big_move,2026-07-17,SE,5,-7.0186,0.6406,-7.6593
scanner:ACCON.ST:volume_spike:2026-07-17,scanner,ACCON.ST,volume_spike,2026-07-17,SE,5,8.0537,0.6406,7.4131
scanner:SIVE.ST:big_move:2026-07-17,scanner,SIVE.ST,big_move,2026-07-17,SE,5,-6.4516,0.6406,-7.0922
scanner:ABB.ST:big_move:2026-07-17,scanner,ABB.ST,big_move,2026-07-17,SE,5,0.5501,0.6406,-0.0905
scanner:VOLV-B.ST:volume_spike:2026-07-17,scanner,VOLV-B.ST,volume_spike,2026-07-17,SE,5,4.6299,0.6406,3.9893
scanner:EVO.ST:volume_spike:2026-07-17,scanner,EVO.ST,volume_spike,2026-07-17,SE,5,0.5207,0.6406,-0.1199
scanner:INSTAL.ST:volume_spike:2026-07-17,scanner,INSTAL.ST,volume_spike,2026-07-17,SE,5,-5.8938,0.6406,-6.5344
scanner:NOKIA-SEK.ST:volume_spike:2026-07-17,scanner,NOKIA-SEK.ST,volume_spike,2026-07-17,SE,5,-7.0186,0.6406,-7.6593
scanner:EPIS-B.ST:big_move:2026-07-17,scanner,EPIS-B.ST,big_move,2026-07-17,SE,5,-1.2132,0.6406,-1.8538
scanner:ABB.ST:volume_spike:2026-07-17,scanner,ABB.ST,volume_spike,2026-07-17,SE,5,0.5501,0.6406,-0.0905
scanner:SIVE.ST:volume_spike:2026-07-17,scanner,SIVE.ST,volume_spike,2026-07-17,SE,5,-6.4516,0.6406,-7.0922
scanner:HTRO.ST:big_move:2026-07-17,scanner,HTRO.ST,big_move,2026-07-17,SE,5,-10.022,0.6406,-10.6627
scanner:SAND.ST:big_move:2026-07-17,scanner,SAND.ST,big_move,2026-07-17,SE,5,3.4309,0.6406,2.7903
scanner:NCAB.ST:big_move:2026-07-17,scanner,NCAB.ST,big_move,2026-07-17,SE,5,1.6349,0.6406,0.9942
scanner:MORROW.ST:volume_spike:2026-07-17,scanner,MORROW.ST,volume_spike,2026-07-17,SE,5,-2.6398,0.6406,-3.2804
scanner:NVDA:volume_spike:2026-07-17,scanner,NVDA,volume_spike,2026-07-17,US,5,-3.1064,-0.565,-2.5413
scanner:MS:volume_spike:2026-07-17,scanner,MS,volume_spike,2026-07-17,US,5,-0.4362,-0.565,0.1289
scanner:GOOGL:volume_spike:2026-07-17,scanner,GOOGL,volume_spike,2026-07-17,US,5,-5.8281,-0.565,-5.263
scanner:AVGO:volume_spike:2026-07-17,scanner,AVGO,volume_spike,2026-07-17,US,5,3.3412,-0.565,3.9062
scanner:GS:volume_spike:2026-07-17,scanner,GS,volume_spike,2026-07-17,US,5,-1.595,-0.565,-1.0299
scanner:AMD:volume_spike:2026-07-17,scanner,AMD,volume_spike,2026-07-17,US,5,-0.1634,-0.565,0.4017
scanner:UNH:volume_spike:2026-07-17,scanner,UNH,volume_spike,2026-07-17,US,5,-1.9831,-0.565,-1.4181
pead:ISRG:entry:2026-07-17,pead,ISRG,entry,2026-07-17,US,5,3.3032,-0.565,3.8683
scanner:SIVE.ST:big_move:2026-07-23,scanner,SIVE.ST,big_move,2026-07-23,SE,1,-6.9519,0.0,-6.9519
scanner:SPRINT.ST:volume_spike:2026-07-23,scanner,SPRINT.ST,volume_spike,2026-07-23,SE,1,-2.4,0.0,-2.4
scanner:NCAB.ST:volume_spike:2026-07-23,scanner,NCAB.ST,volume_spike,2026-07-23,SE,1,-4.2362,0.0,-4.2362
scanner:ACAST.ST:volume_spike:2026-07-23,scanner,ACAST.ST,volume_spike,2026-07-23,SE,1,-2.1448,0.0,-2.1448
scanner:NOKIA-SEK.ST:volume_spike:2026-07-23,scanner,NOKIA-SEK.ST,volume_spike,2026-07-23,SE,1,-6.0575,0.0,-6.0575
scanner:GOOGL:volume_spike:2026-07-23,scanner,GOOGL,volume_spike,2026-07-23,US,1,2.792,0.1233,2.6687
scanner:TXN:volume_spike:2026-07-23,scanner,TXN,volume_spike,2026-07-23,US,1,-1.958,0.1233,-2.0812
pead:TMO:entry:2026-07-23,pead,TMO,entry,2026-07-23,US,1,-2.2348,0.1233,-2.358
pead:TXN:entry:2026-07-23,pead,TXN,entry,2026-07-23,US,1,-1.958,0.1233,-2.0812
pead:NOW:entry:2026-07-23,pead,NOW,entry,2026-07-23,US,1,14.814,0.1233,14.6907
pead:RTX:entry:2026-07-23,pead,RTX,entry,2026-07-23,US,1,4.4272,0.1233,4.3039
pead:HON:entry:2026-07-23,pead,HON,entry,2026-07-23,US,1,-0.2112,0.1233,-0.3344
pead:UNP:entry:2026-07-23,pead,UNP,entry,2026-07-23,US,1,-1.6528,0.1233,-1.7761
pead:8TRA.ST:entry:2026-07-23,pead,8TRA.ST,entry,2026-07-23,SE,1,-1.4831,0.0,-1.4831
pead:DYVOX.ST:entry:2026-07-23,pead,DYVOX.ST,entry,2026-07-23,SE,1,2.2997,0.0,2.2997
pead:HANZA.ST:entry:2026-07-23,pead,HANZA.ST,entry,2026-07-23,SE,1,-4.1322,0.0,-4.1322
pead:UPSALE.ST:entry:2026-07-23,pead,UPSALE.ST,entry,2026-07-23,SE,1,-0.346,0.0,-0.346
breakout:URI:breakout:2026-07-23,breakout,URI,breakout,2026-07-23,US,1,-1.0353,0.1233,-1.1586
scanner:SIVE.ST:big_move:2026-07-24,scanner,SIVE.ST,big_move,2026-07-24,SE,1,-1.9796,1.6035,-3.5831
scanner:NOKIA-SEK.ST:big_move:2026-07-24,scanner,NOKIA-SEK.ST,big_move,2026-07-24,SE,1,-3.3906,1.6035,-4.9941
scanner:NOKIA-SEK.ST:volume_spike:2026-07-24,scanner,NOKIA-SEK.ST,volume_spike,2026-07-24,SE,1,-3.3906,1.6035,-4.9941
scanner:HOFI.ST:volume_spike:2026-07-24,scanner,HOFI.ST,volume_spike,2026-07-24,SE,1,2.3121,1.6035,0.7086
scanner:ORRON.ST:volume_spike:2026-07-24,scanner,ORRON.ST,volume_spike,2026-07-24,SE,1,-3.8208,1.6035,-5.4244
scanner:ACAST.ST:volume_spike:2026-07-24,scanner,ACAST.ST,volume_spike,2026-07-24,SE,1,3.6986,1.6035,2.0951
scanner:SSAB-A.ST:volume_spike:2026-07-24,scanner,SSAB-A.ST,volume_spike,2026-07-24,SE,1,-1.4634,1.6035,-3.067
breakout:WST:breakout:2026-06-26,breakout,WST,breakout,2026-06-26,US,20,-3.9476,1.6283,-5.5758
breakout:LLY:breakout:2026-06-27,breakout,LLY,breakout,2026-06-27,US,20,-0.7537,-0.0189,-0.7348
scanner:ACCON.ST:volume_spike:2026-07-20,scanner,ACCON.ST,volume_spike,2026-07-20,SE,5,5.4124,2.6768,2.7356
scanner:EVO.ST:volume_spike:2026-07-20,scanner,EVO.ST,volume_spike,2026-07-20,SE,5,3.8074,2.6768,1.1306
scanner:AMD:volume_spike:2026-07-20,scanner,AMD,volume_spike,2026-07-20,US,5,-1.7118,-0.4043,-1.3075
breakout:ALLEI.ST:breakout:2026-07-20,breakout,ALLEI.ST,breakout,2026-07-20,SE,5,5.0467,2.6768,2.37
breakout:KARNEL-B.ST:breakout:2026-07-20,breakout,KARNEL-B.ST,breakout,2026-07-20,SE,5,-0.885,2.6768,-3.5617
pead:VZ:entry:2026-07-24,pead,VZ,entry,2026-07-24,US,1,2.0267,0.0217,2.0051
breakout:IP:breakout:2026-07-24,breakout,IP,breakout,2026-07-24,US,1,0.593,0.0217,0.5713
breakout:DVA:breakout:2026-06-27,breakout,DVA,breakout,2026-06-27,US,20,8.9941,-0.0189,9.013
breakout:MOH:breakout:2026-06-27,breakout,MOH,breakout,2026-06-27,US,20,-12.7211,-0.0189,-12.7022
scanner:HTRO.ST:big_move:2026-07-21,scanner,HTRO.ST,big_move,2026-07-21,SE,5,-9.5508,2.4753,-12.0261
scanner:ACCON.ST:big_move:2026-07-21,scanner,ACCON.ST,big_move,2026-07-21,SE,5,0.0,2.4753,-2.4753
scanner:BOL.ST:volume_spike:2026-07-21,scanner,BOL.ST,volume_spike,2026-07-21,SE,5,-2.37,2.4753,-4.8452
scanner:SIVE.ST:big_move:2026-07-21,scanner,SIVE.ST,big_move,2026-07-21,SE,5,-30.5515,2.4753,-33.0267
scanner:SPRINT.ST:volume_spike:2026-07-21,scanner,SPRINT.ST,volume_spike,2026-07-21,SE,5,3.6212,2.4753,1.1459
scanner:EPIS-B.ST:big_move:2026-07-21,scanner,EPIS-B.ST,big_move,2026-07-21,SE,5,-3.2759,2.4753,-5.7511
scanner:AMD:big_move:2026-07-21,scanner,AMD,big_move,2026-07-21,US,5,-16.4962,-0.9916,-15.5045
pead:ALLEI.ST:entry:2026-07-21,pead,ALLEI.ST,entry,2026-07-21,SE,5,5.9535,2.4753,3.4782
pead:BILL.ST:entry:2026-07-21,pead,BILL.ST,entry,2026-07-21,SE,5,10.0719,2.4753,7.5967
pead:BYGGP.ST:entry:2026-07-21,pead,BYGGP.ST,entry,2026-07-21,SE,5,-2.2472,2.4753,-4.7224
pead:CEVI.ST:entry:2026-07-21,pead,CEVI.ST,entry,2026-07-21,SE,5,-0.2762,2.4753,-2.7515
pead:ENGCON-B.ST:entry:2026-07-21,pead,ENGCON-B.ST,entry,2026-07-21,SE,5,-2.6549,2.4753,-5.1301
pead:GETI-B.ST:entry:2026-07-21,pead,GETI-B.ST,entry,2026-07-21,SE,5,1.1178,2.4753,-1.3575
pead:HEM.ST:entry:2026-07-21,pead,HEM.ST,entry,2026-07-21,SE,5,10.2594,2.4753,7.7841
pead:HPOL-B.ST:entry:2026-07-21,pead,HPOL-B.ST,entry,2026-07-21,SE,5,3.3043,2.4753,0.8291
pead:INSTAL.ST:entry:2026-07-21,pead,INSTAL.ST,entry,2026-07-21,SE,5,-6.25,2.4753,-8.7253
pead:KARNEL-B.ST:entry:2026-07-21,pead,KARNEL-B.ST,entry,2026-07-21,SE,5,-2.0994,2.4753,-4.5747
pead:KNOW.ST:entry:2026-07-21,pead,KNOW.ST,entry,2026-07-21,SE,5,3.9593,2.4753,1.484
pead:MCAP.ST:entry:2026-07-21,pead,MCAP.ST,entry,2026-07-21,SE,5,-1.9643,2.4753,-4.4395
pead:MMGR-B.ST:entry:2026-07-21,pead,MMGR-B.ST,entry,2026-07-21,SE,5,0.9576,2.4753,-1.5177
pead:MTG-B.ST:entry:2026-07-21,pead,MTG-B.ST,entry,2026-07-21,SE,5,0.6349,2.4753,-1.8403
pead:MTRS.ST:entry:2026-07-21,pead,MTRS.ST,entry,2026-07-21,SE,5,-9.2055,2.4753,-11.6807
pead:NOBI.ST:entry:2026-07-21,pead,NOBI.ST,entry,2026-07-21,SE,5,2.9868,2.4753,0.5116
pead:RUG.ST:entry:2026-07-21,pead,RUG.ST,entry,2026-07-21,SE,5,-0.5952,2.4753,-3.0705
pead:SAAB-B.ST:entry:2026-07-21,pead,SAAB-B.ST,entry,2026-07-21,SE,5,6.8774,2.4753,4.4021
pead:TRUE-B.ST:entry:2026-07-21,pead,TRUE-B.ST,entry,2026-07-21,SE,5,9.1018,2.4753,6.6265
pead:VIMIAN.ST:entry:2026-07-21,pead,VIMIAN.ST,entry,2026-07-21,SE,5,4.0,2.4753,1.5247
pead:VPLAY-B.ST:entry:2026-07-21,pead,VPLAY-B.ST,entry,2026-07-21,SE,5,2.5542,2.4753,0.0789
breakout:MILDEF.ST:breakout:2026-07-21,breakout,MILDEF.ST,breakout,2026-07-21,SE,5,4.9296,2.4753,2.4543
breakout:MTG-B.ST:breakout:2026-07-21,breakout,MTG-B.ST,breakout,2026-07-21,SE,5,0.6349,2.4753,-1.8403
scanner:EVO.ST:volume_spike:2026-07-27,scanner,EVO.ST,volume_spike,2026-07-27,SE,1,0.9169,0.1967,0.7202
scanner:ACAST.ST:volume_spike:2026-07-27,scanner,ACAST.ST,volume_spike,2026-07-27,SE,1,-0.3963,0.1967,-0.593
scanner:HOFI.ST:volume_spike:2026-07-27,scanner,HOFI.ST,volume_spike,2026-07-27,SE,1,1.7891,0.1967,1.5924
scanner:ORRON.ST:volume_spike:2026-07-27,scanner,ORRON.ST,volume_spike,2026-07-27,SE,1,-1.9178,0.1967,-2.1145
scanner:MVIR.ST:volume_spike:2026-07-27,scanner,MVIR.ST,volume_spike,2026-07-27,SE,1,0.4454,0.1967,0.2487
scanner:SIVE.ST:big_move:2026-07-27,scanner,SIVE.ST,big_move,2026-07-27,SE,1,-7.2964,0.1967,-7.4931
scanner:ACCON.ST:big_move:2026-07-27,scanner,ACCON.ST,big_move,2026-07-27,SE,1,-0.3668,0.1967,-0.5635
scanner:AMD:big_move:2026-07-27,scanner,AMD,big_move,2026-07-27,US,1,-8.1483,0.2395,-8.3878
scanner:NVDA:big_move:2026-07-27,scanner,NVDA,big_move,2026-07-27,US,1,0.2544,0.2395,0.015
pead:SF.ST:entry:2026-07-27,pead,SF.ST,entry,2026-07-27,SE,1,7.68,0.1967,7.4833
scanner:SIVE.ST:big_move:2026-07-22,scanner,SIVE.ST,big_move,2026-07-22,SE,5,-28.7606,1.0354,-29.796
scanner:SINCH.ST:big_move:2026-07-22,scanner,SINCH.ST,big_move,2026-07-22,SE,5,6.686,1.0354,5.6506
scanner:NCAB.ST:big_move:2026-07-22,scanner,NCAB.ST,big_move,2026-07-22,SE,5,-15.8163,1.0354,-16.8518
scanner:NCAB.ST:volume_spike:2026-07-22,scanner,NCAB.ST,volume_spike,2026-07-22,SE,5,-15.8163,1.0354,-16.8518
scanner:SSAB-A.ST:volume_spike:2026-07-22,scanner,SSAB-A.ST,volume_spike,2026-07-22,SE,5,2.3059,1.0354,1.2705
scanner:SINCH.ST:volume_spike:2026-07-22,scanner,SINCH.ST,volume_spike,2026-07-22,SE,5,6.686,1.0354,5.6506
scanner:SOBI.ST:volume_spike:2026-07-22,scanner,SOBI.ST,volume_spike,2026-07-22,SE,5,2.1589,1.0354,1.1235
pead:GOOGL:entry:2026-07-22,pead,GOOGL,entry,2026-07-22,US,5,-1.5727,-2.4016,0.8289
scanner:EVO.ST:big_move:2026-07-28,scanner,EVO.ST,big_move,2026-07-28,SE,1,0.3741,-0.1585,0.5326
scanner:SIVE.ST:big_move:2026-07-28,scanner,SIVE.ST,big_move,2026-07-28,SE,1,-5.4814,-0.1585,-5.3229
scanner:MYCR.ST:big_move:2026-07-28,scanner,MYCR.ST,big_move,2026-07-28,SE,1,-1.0224,-0.1585,-0.8639
scanner:ORRON.ST:volume_spike:2026-07-28,scanner,ORRON.ST,volume_spike,2026-07-28,SE,1,0.6983,-0.1585,0.8568
scanner:MYCR.ST:volume_spike:2026-07-28,scanner,MYCR.ST,volume_spike,2026-07-28,SE,1,-1.0224,-0.1585,-0.8639
scanner:HTRO.ST:big_move:2026-07-28,scanner,HTRO.ST,big_move,2026-07-28,SE,1,-1.2551,-0.1585,-1.0966
scanner:SSAB-A.ST:volume_spike:2026-07-28,scanner,SSAB-A.ST,volume_spike,2026-07-28,SE,1,-2.7117,-0.1585,-2.5532
scanner:NCAB.ST:big_move:2026-07-28,scanner,NCAB.ST,big_move,2026-07-28,SE,1,-3.6496,-0.1585,-3.4912
scanner:EPIS-B.ST:big_move:2026-07-28,scanner,EPIS-B.ST,big_move,2026-07-28,SE,1,2.139,-0.1585,2.2975
scanner:AMD:volume_spike:2026-07-28,scanner,AMD,volume_spike,2026-07-28,US,1,-5.5123,-1.5387,-3.9735
scanner:CAT:volume_spike:2026-07-28,scanner,CAT,volume_spike,2026-07-28,US,1,-6.9144,-1.5387,-5.3757
breakout:IQV:breakout:2026-07-28,breakout,IQV,breakout,2026-07-28,US,1,1.9017,-1.5387,3.4404
scanner:SIVE.ST:big_move:2026-07-23,scanner,SIVE.ST,big_move,2026-07-23,SE,5,-10.1604,2.0947,-12.2551
scanner:SPRINT.ST:volume_spike:2026-07-23,scanner,SPRINT.ST,volume_spike,2026-07-23,SE,5,-0.5333,2.0947,-2.628
scanner:NCAB.ST:volume_spike:2026-07-23,scanner,NCAB.ST,volume_spike,2026-07-23,SE,5,-11.4249,2.0947,-13.5196
scanner:ACAST.ST:volume_spike:2026-07-23,scanner,ACAST.ST,volume_spike,2026-07-23,SE,5,1.8767,2.0947,-0.218
scanner:NOKIA-SEK.ST:volume_spike:2026-07-23,scanner,NOKIA-SEK.ST,volume_spike,2026-07-23,SE,5,-9.8011,2.0947,-11.8958
scanner:GOOGL:volume_spike:2026-07-23,scanner,GOOGL,volume_spike,2026-07-23,US,5,5.0269,0.4755,4.5514
scanner:TXN:volume_spike:2026-07-23,scanner,TXN,volume_spike,2026-07-23,US,5,-2.186,0.4755,-2.6615
pead:TMO:entry:2026-07-23,pead,TMO,entry,2026-07-23,US,5,0.7775,0.4755,0.302
pead:TXN:entry:2026-07-23,pead,TXN,entry,2026-07-23,US,5,-2.186,0.4755,-2.6615
pead:NOW:entry:2026-07-23,pead,NOW,entry,2026-07-23,US,5,19.7194,0.4755,19.2439
pead:RTX:entry:2026-07-23,pead,RTX,entry,2026-07-23,US,5,2.4957,0.4755,2.0202
pead:HON:entry:2026-07-23,pead,HON,entry,2026-07-23,US,5,-1.7704,0.4755,-2.2459
pead:UNP:entry:2026-07-23,pead,UNP,entry,2026-07-23,US,5,-4.8861,0.4755,-5.3616
pead:8TRA.ST:entry:2026-07-23,pead,8TRA.ST,entry,2026-07-23,SE,5,0.1348,2.0947,-1.9598
pead:DYVOX.ST:entry:2026-07-23,pead,DYVOX.ST,entry,2026-07-23,SE,5,-0.2091,2.0947,-2.3037
pead:HANZA.ST:entry:2026-07-23,pead,HANZA.ST,entry,2026-07-23,SE,5,-6.1983,2.0947,-8.293
pead:UPSALE.ST:entry:2026-07-23,pead,UPSALE.ST,entry,2026-07-23,SE,5,1.7301,2.0947,-0.3646
breakout:URI:breakout:2026-07-23,breakout,URI,breakout,2026-07-23,US,5,-6.2367,0.4755,-6.7122
scanner:SIVE.ST:big_move:2026-07-29,scanner,SIVE.ST,big_move,2026-07-29,SE,1,12.4164,0.4451,11.9712
scanner:HTRO.ST:big_move:2026-07-29,scanner,HTRO.ST,big_move,2026-07-29,SE,1,3.9514,0.4451,3.5062
scanner:MYCR.ST:big_move:2026-07-29,scanner,MYCR.ST,big_move,2026-07-29,SE,1,1.2912,0.4451,0.846
scanner:NCAB.ST:volume_spike:2026-07-29,scanner,NCAB.ST,volume_spike,2026-07-29,SE,1,4.5455,0.4451,4.1003
scanner:NOKIA-SEK.ST:volume_spike:2026-07-29,scanner,NOKIA-SEK.ST,volume_spike,2026-07-29,SE,1,4.2055,0.4451,3.7604
scanner:SINCH.ST:volume_spike:2026-07-29,scanner,SINCH.ST,volume_spike,2026-07-29,SE,1,-3.1459,0.4451,-3.5911
scanner:EPIS-B.ST:big_move:2026-07-29,scanner,EPIS-B.ST,big_move,2026-07-29,SE,1,2.7923,0.4451,2.3472
scanner:INSTAL.ST:volume_spike:2026-07-29,scanner,INSTAL.ST,volume_spike,2026-07-29,SE,1,4.3407,0.4451,3.8955
scanner:AMD:big_move:2026-07-29,scanner,AMD,big_move,2026-07-29,US,1,12.997,1.6766,11.3204
scanner:CAT:volume_spike:2026-07-29,scanner,CAT,volume_spike,2026-07-29,US,1,3.3767,1.6766,1.7001
scanner:QCOM:big_move:2026-07-29,scanner,QCOM,big_move,2026-07-29,US,1,-2.6208,1.6766,-4.2973
pead:KO:entry:2026-07-29,pead,KO,entry,2026-07-29,US,1,-0.6623,1.6766,-2.3389
breakout:CINT.ST:breakout:2026-07-01,breakout,CINT.ST,breakout,2026-07-01,SE,20,0.0,1.0738,-1.0738
stocks:CHEF.ST:buy:2026-07-01,stocks,CHEF.ST,buy,2026-07-01,SE,20,-0.974,1.0738,-2.0478
stocks:ACAST.ST:buy:2026-07-01,stocks,ACAST.ST,buy,2026-07-01,SE,20,-5.335,1.0738,-6.4088
stocks:ABB.ST:buy:2026-07-01,stocks,ABB.ST,buy,2026-07-01,SE,20,-12.8433,1.0738,-13.9171
stocks:BOOZT.ST:buy:2026-07-01,stocks,BOOZT.ST,buy,2026-07-01,SE,20,12.2973,1.0738,11.2235
stocks:UNH:buy:2026-07-01,stocks,UNH,buy,2026-07-01,US,20,-1.1886,-0.5458,-0.6429
scanner:SIVE.ST:big_move:2026-07-03,scanner,SIVE.ST,big_move,2026-07-03,SE,20,nan,-0.0034,nan
scanner:SIVE.ST:volume_spike:2026-07-03,scanner,SIVE.ST,volume_spike,2026-07-03,SE,20,nan,-0.0034,nan
scanner:EPIS-B.ST:big_move:2026-07-03,scanner,EPIS-B.ST,big_move,2026-07-03,SE,20,nan,-0.0034,nan
scanner:SIVE.ST:big_move:2026-07-24,scanner,SIVE.ST,big_move,2026-07-24,SE,5,nan,1.4783,nan
scanner:NOKIA-SEK.ST:big_move:2026-07-24,scanner,NOKIA-SEK.ST,big_move,2026-07-24,SE,5,nan,1.4783,nan
scanner:NOKIA-SEK.ST:volume_spike:2026-07-24,scanner,NOKIA-SEK.ST,volume_spike,2026-07-24,SE,5,nan,1.4783,nan
scanner:HOFI.ST:volume_spike:2026-07-24,scanner,HOFI.ST,volume_spike,2026-07-24,SE,5,nan,1.4783,nan
scanner:ORRON.ST:volume_spike:2026-07-24,scanner,ORRON.ST,volume_spike,2026-07-24,SE,5,nan,1.4783,nan
scanner:ACAST.ST:volume_spike:2026-07-24,scanner,ACAST.ST,volume_spike,2026-07-24,SE,5,nan,1.4783,nan
scanner:SSAB-A.ST:volume_spike:2026-07-24,scanner,SSAB-A.ST,volume_spike,2026-07-24,SE,5,nan,1.4783,nan
pead:VZ:entry:2026-07-24,pead,VZ,entry,2026-07-24,US,5,0.9271,1.0962,-0.1691
breakout:IP:breakout:2026-07-24,breakout,IP,breakout,2026-07-24,US,5,-3.1546,1.0962,-4.2508
scanner:NOKIA-SEK.ST:volume_spike:2026-07-30,scanner,NOKIA-SEK.ST,volume_spike,2026-07-30,SE,1,nan,0.4169,nan
scanner:EPIS-B.ST:volume_spike:2026-07-30,scanner,EPIS-B.ST,volume_spike,2026-07-30,SE,1,nan,0.4169,nan
scanner:ABB.ST:volume_spike:2026-07-30,scanner,ABB.ST,volume_spike,2026-07-30,SE,1,nan,0.4169,nan
scanner:SPRINT.ST:volume_spike:2026-07-30,scanner,SPRINT.ST,volume_spike,2026-07-30,SE,1,nan,0.4169,nan
scanner:SIVE.ST:big_move:2026-07-30,scanner,SIVE.ST,big_move,2026-07-30,SE,1,nan,0.4169,nan
scanner:AMD:big_move:2026-07-30,scanner,AMD,big_move,2026-07-30,US,1,-1.9036,0.72,-2.6236
scanner:AMD:volume_spike:2026-07-30,scanner,AMD,volume_spike,2026-07-30,US,1,-1.9036,0.72,-2.6236
scanner:QCOM:volume_spike:2026-07-30,scanner,QCOM,volume_spike,2026-07-30,US,1,-2.6319,0.72,-3.3519
scanner:CAT:volume_spike:2026-07-30,scanner,CAT,volume_spike,2026-07-30,US,1,0.7007,0.72,-0.0192
pead:MSFT:entry:2026-07-30,pead,MSFT,entry,2026-07-30,US,1,3.0193,0.72,2.2993
pead:MA:entry:2026-07-30,pead,MA,entry,2026-07-30,US,1,-0.7361,0.72,-1.4561
pead:ELUX-B.ST:entry:2026-07-30,pead,ELUX-B.ST,entry,2026-07-30,SE,1,nan,0.4169,nan
pead:HEXA-B.ST:entry:2026-07-30,pead,HEXA-B.ST,entry,2026-07-30,SE,1,nan,0.4169,nan
pead:STORY-B.ST:entry:2026-07-30,pead,STORY-B.ST,entry,2026-07-30,SE,1,nan,0.4169,nan
scanner:AAPL:volume_spike:2026-07-31,scanner,AAPL,volume_spike,2026-07-31,US,1,-1.7772,1.4243,-3.2015
scanner:GOOGL:big_move:2026-07-31,scanner,GOOGL,big_move,2026-07-31,US,1,4.8802,1.4243,3.4559
pead:AAPL:entry:2026-07-31,pead,AAPL,entry,2026-07-31,US,1,-1.7772,1.4243,-3.2015
pead:AMZN:entry:2026-07-31,pead,AMZN,entry,2026-07-31,US,1,4.5806,1.4243,3.1563
pead:XOM:entry:2026-07-31,pead,XOM,entry,2026-07-31,US,1,-0.2445,1.4243,-1.6688
pead:CVX:entry:2026-07-31,pead,CVX,entry,2026-07-31,US,1,-1.8544,1.4243,-3.2787
breakout:DXCM:breakout:2026-07-31,breakout,DXCM,breakout,2026-07-31,US,1,4.6255,1.4243,3.2012
scanner:EVO.ST:volume_spike:2026-07-27,scanner,EVO.ST,volume_spike,2026-07-27,SE,5,0.1348,3.3683,-3.2335
scanner:ACAST.ST:volume_spike:2026-07-27,scanner,ACAST.ST,volume_spike,2026-07-27,SE,5,-3.0383,3.3683,-6.4066
scanner:HOFI.ST:volume_spike:2026-07-27,scanner,HOFI.ST,volume_spike,2026-07-27,SE,5,3.2015,3.3683,-0.1668
scanner:ORRON.ST:volume_spike:2026-07-27,scanner,ORRON.ST,volume_spike,2026-07-27,SE,5,0.5479,3.3683,-2.8204
scanner:MVIR.ST:volume_spike:2026-07-27,scanner,MVIR.ST,volume_spike,2026-07-27,SE,5,0.0,3.3683,-3.3683
scanner:SIVE.ST:big_move:2026-07-27,scanner,SIVE.ST,big_move,2026-07-27,SE,5,20.7166,3.3683,17.3483
scanner:ACCON.ST:big_move:2026-07-27,scanner,ACCON.ST,big_move,2026-07-27,SE,5,2.0782,3.3683,-1.2901
scanner:AMD:big_move:2026-07-27,scanner,AMD,big_move,2026-07-27,US,5,-2.083,2.5139,-4.5969
scanner:NVDA:big_move:2026-07-27,scanner,NVDA,big_move,2026-07-27,US,5,5.155,2.5139,2.6411
pead:SF.ST:entry:2026-07-27,pead,SF.ST,entry,2026-07-27,SE,5,10.4,3.3683,7.0317
scanner:HTRO.ST:big_move:2026-07-31,scanner,HTRO.ST,big_move,2026-07-31,SE,1,6.1376,1.5835,4.5541
scanner:NCAB.ST:big_move:2026-07-31,scanner,NCAB.ST,big_move,2026-07-31,SE,1,6.278,1.5835,4.6946
scanner:NOKIA-SEK.ST:big_move:2026-07-31,scanner,NOKIA-SEK.ST,big_move,2026-07-31,SE,1,6.3524,1.5835,4.7689
scanner:NOKIA-SEK.ST:volume_spike:2026-07-31,scanner,NOKIA-SEK.ST,volume_spike,2026-07-31,SE,1,6.3524,1.5835,4.7689
scanner:SIVE.ST:volume_spike:2026-07-31,scanner,SIVE.ST,volume_spike,2026-07-31,SE,1,18.8582,1.5835,17.2748
scanner:EPIS-B.ST:big_move:2026-07-31,scanner,EPIS-B.ST,big_move,2026-07-31,SE,1,5.5172,1.5835,3.9338
scanner:ORRON.ST:volume_spike:2026-07-31,scanner,ORRON.ST,volume_spike,2026-07-31,SE,1,0.9629,1.5835,-0.6206
scanner:ABB.ST:volume_spike:2026-07-31,scanner,ABB.ST,volume_spike,2026-07-31,SE,1,2.3157,1.5835,0.7322
scanner:SPRINT.ST:volume_spike:2026-07-31,scanner,SPRINT.ST,volume_spike,2026-07-31,SE,1,-0.5525,1.5835,-2.136
scanner:EVO.ST:big_move:2026-07-28,scanner,EVO.ST,big_move,2026-07-28,SE,5,-0.775,3.1654,-3.9404
scanner:SIVE.ST:big_move:2026-07-28,scanner,SIVE.ST,big_move,2026-07-28,SE,5,30.2179,3.1654,27.0524
scanner:MYCR.ST:big_move:2026-07-28,scanner,MYCR.ST,big_move,2026-07-28,SE,5,3.6422,3.1654,0.4768
scanner:ORRON.ST:volume_spike:2026-07-28,scanner,ORRON.ST,volume_spike,2026-07-28,SE,5,2.514,3.1654,-0.6514
scanner:MYCR.ST:volume_spike:2026-07-28,scanner,MYCR.ST,volume_spike,2026-07-28,SE,5,3.6422,3.1654,0.4768
scanner:HTRO.ST:big_move:2026-07-28,scanner,HTRO.ST,big_move,2026-07-28,SE,5,9.4679,3.1654,6.3025
scanner:SSAB-A.ST:volume_spike:2026-07-28,scanner,SSAB-A.ST,volume_spike,2026-07-28,SE,5,2.6921,3.1654,-0.4733
scanner:NCAB.ST:big_move:2026-07-28,scanner,NCAB.ST,big_move,2026-07-28,SE,5,3.7956,3.1654,0.6302
scanner:EPIS-B.ST:big_move:2026-07-28,scanner,EPIS-B.ST,big_move,2026-07-28,SE,5,9.0909,3.1654,5.9255
scanner:AMD:volume_spike:2026-07-28,scanner,AMD,volume_spike,2026-07-28,US,5,14.0689,4.1128,9.9561
scanner:CAT:volume_spike:2026-07-28,scanner,CAT,volume_spike,2026-07-28,US,5,4.2445,4.1128,0.1317
breakout:IQV:breakout:2026-07-28,breakout,IQV,breakout,2026-07-28,US,5,-6.0673,4.1128,-10.1801
stocks:GRANGX.ST:buy:2026-08-03,stocks,GRANGX.ST,buy,2026-08-03,SE,1,0.0,1.5835,-1.5835
stocks:HOFI.ST:buy:2026-08-03,stocks,HOFI.ST,buy,2026-08-03,SE,1,1.6698,1.5835,0.0863
stocks:BOOZT.ST:buy:2026-08-03,stocks,BOOZT.ST,buy,2026-08-03,SE,1,-2.3651,1.5835,-3.9486
stocks:ALLEI.ST:buy:2026-08-03,stocks,ALLEI.ST,buy,2026-08-03,SE,1,2.2452,1.5835,0.6618
stocks:LUMI.ST:buy:2026-08-03,stocks,LUMI.ST,buy,2026-08-03,SE,1,4.6974,1.5835,3.1139
stocks:SSAB-B.ST:buy:2026-08-03,stocks,SSAB-B.ST,buy,2026-08-03,SE,1,2.9902,1.5835,1.4067
stocks:MRK:buy:2026-08-03,stocks,MRK,buy,2026-08-03,US,1,0.18,1.8029,-1.6229
stocks:LLY:buy:2026-08-03,stocks,LLY,buy,2026-08-03,US,1,-0.5065,1.8029,-2.3094
multifactor:SWED-A.ST:buy:2026-08-03,multifactor,SWED-A.ST,buy,2026-08-03,SE,1,1.1722,1.5835,-0.4113
multifactor:BUFAB.ST:buy:2026-08-03,multifactor,BUFAB.ST,buy,2026-08-03,SE,1,0.1462,1.5835,-1.4373
multifactor:INDU-C.ST:buy:2026-08-03,multifactor,INDU-C.ST,buy,2026-08-03,SE,1,1.5168,1.5835,-0.0667
scanner:GRANGX.ST:big_move:2026-08-03,scanner,GRANGX.ST,big_move,2026-08-03,SE,1,0.0,1.5835,-1.5835
scanner:SINCH.ST:volume_spike:2026-08-03,scanner,SINCH.ST,volume_spike,2026-08-03,SE,1,1.7648,1.5835,0.1814
scanner:SIVE.ST:big_move:2026-08-03,scanner,SIVE.ST,big_move,2026-08-03,SE,1,18.8582,1.5835,17.2748
scanner:SOBI.ST:big_move:2026-08-03,scanner,SOBI.ST,big_move,2026-08-03,SE,1,0.0459,1.5835,-1.5376
scanner:GOOGL:volume_spike:2026-08-03,scanner,GOOGL,volume_spike,2026-08-03,US,1,1.1084,1.8029,-0.6945
scanner:TXN:volume_spike:2026-08-03,scanner,TXN,volume_spike,2026-08-03,US,1,5.423,1.8029,3.6201
scanner:SIVE.ST:big_move:2026-07-06,scanner,SIVE.ST,big_move,2026-07-06,SE,20,-33.2334,1.2023,-34.4357
scanner:SIVE.ST:volume_spike:2026-07-06,scanner,SIVE.ST,volume_spike,2026-07-06,SE,20,-33.2334,1.2023,-34.4357
scanner:ABB.ST:volume_spike:2026-07-06,scanner,ABB.ST,volume_spike,2026-07-06,SE,20,-9.4808,1.2023,-10.683
scanner:SPRINT.ST:big_move:2026-07-06,scanner,SPRINT.ST,big_move,2026-07-06,SE,20,-2.1622,1.2023,-3.3644
scanner:AMD:big_move:2026-07-06,scanner,AMD,big_move,2026-07-06,US,20,-12.2108,0.8505,-13.0614
scanner:QCOM:big_move:2026-07-06,scanner,QCOM,big_move,2026-07-06,US,20,-18.7205,0.8505,-19.571
scanner:EPIS-B.ST:big_move:2026-07-06,scanner,EPIS-B.ST,big_move,2026-07-06,SE,20,-14.7059,1.2023,-15.9082
scanner:SPRINT.ST:big_move:2026-07-07,scanner,SPRINT.ST,big_move,2026-07-07,SE,20,-7.2165,3.7692,-10.9857
scanner:NCAB.ST:big_move:2026-07-07,scanner,NCAB.ST,big_move,2026-07-07,SE,20,-2.8689,3.7692,-6.638
scanner:SIVE.ST:big_move:2026-07-07,scanner,SIVE.ST,big_move,2026-07-07,SE,20,-10.1358,3.7692,-13.905
scanner:SPRINT.ST:volume_spike:2026-07-07,scanner,SPRINT.ST,volume_spike,2026-07-07,SE,20,-7.2165,3.7692,-10.9857
scanner:EPIS-B.ST:big_move:2026-07-07,scanner,EPIS-B.ST,big_move,2026-07-07,SE,20,-5.8461,3.7692,-9.6153
scanner:SIVE.ST:volume_spike:2026-07-07,scanner,SIVE.ST,volume_spike,2026-07-07,SE,20,-10.1358,3.7692,-13.905
scanner:AMD:big_move:2026-07-07,scanner,AMD,big_move,2026-07-07,US,20,0.4786,3.159,-2.6804
scanner:NOKIA-SEK.ST:big_move:2026-07-07,scanner,NOKIA-SEK.ST,big_move,2026-07-07,SE,20,-17.7068,3.7692,-21.476
scanner:CAT:big_move:2026-07-07,scanner,CAT,big_move,2026-07-07,US,20,-6.59,3.159,-9.749
scanner:SIVE.ST:big_move:2026-07-29,scanner,SIVE.ST,big_move,2026-07-29,SE,5,26.2454,3.3494,22.896
scanner:HTRO.ST:big_move:2026-07-29,scanner,HTRO.ST,big_move,2026-07-29,SE,5,10.8594,3.3494,7.51
scanner:MYCR.ST:big_move:2026-07-29,scanner,MYCR.ST,big_move,2026-07-29,SE,5,5.8102,3.3494,2.4608
scanner:NCAB.ST:volume_spike:2026-07-29,scanner,NCAB.ST,volume_spike,2026-07-29,SE,5,8.1818,3.3494,4.8325
scanner:NOKIA-SEK.ST:volume_spike:2026-07-29,scanner,NOKIA-SEK.ST,volume_spike,2026-07-29,SE,5,10.5376,3.3494,7.1883
scanner:SINCH.ST:volume_spike:2026-07-29,scanner,SINCH.ST,volume_spike,2026-07-29,SE,5,2.1798,3.3494,-1.1695
scanner:EPIS-B.ST:big_move:2026-07-29,scanner,EPIS-B.ST,big_move,2026-07-29,SE,5,4.712,3.3494,1.3627
scanner:INSTAL.ST:volume_spike:2026-07-29,scanner,INSTAL.ST,volume_spike,2026-07-29,SE,5,2.9121,3.3494,-0.4373
scanner:AMD:big_move:2026-07-29,scanner,AMD,big_move,2026-07-29,US,5,12.2195,5.5287,6.6907
scanner:CAT:volume_spike:2026-07-29,scanner,CAT,volume_spike,2026-07-29,US,5,11.2903,5.5287,5.7615
scanner:QCOM:big_move:2026-07-29,scanner,QCOM,big_move,2026-07-29,US,5,1.1883,5.5287,-4.3404
pead:KO:entry:2026-07-29,pead,KO,entry,2026-07-29,US,5,-2.5258,5.5287,-8.0546
scanner:NOKIA-SEK.ST:volume_spike:2026-07-30,scanner,NOKIA-SEK.ST,volume_spike,2026-07-30,SE,5,nan,2.8913,nan
scanner:EPIS-B.ST:volume_spike:2026-07-30,scanner,EPIS-B.ST,volume_spike,2026-07-30,SE,5,nan,2.8913,nan
scanner:ABB.ST:volume_spike:2026-07-30,scanner,ABB.ST,volume_spike,2026-07-30,SE,5,nan,2.8913,nan
scanner:SPRINT.ST:volume_spike:2026-07-30,scanner,SPRINT.ST,volume_spike,2026-07-30,SE,5,nan,2.8913,nan
scanner:SIVE.ST:big_move:2026-07-30,scanner,SIVE.ST,big_move,2026-07-30,SE,5,nan,2.8913,nan
scanner:AMD:big_move:2026-07-30,scanner,AMD,big_move,2026-07-30,US,5,0.8014,3.6228,-2.8214
scanner:AMD:volume_spike:2026-07-30,scanner,AMD,volume_spike,2026-07-30,US,5,0.8014,3.6228,-2.8214
scanner:QCOM:volume_spike:2026-07-30,scanner,QCOM,volume_spike,2026-07-30,US,5,5.7981,3.6228,2.1753
scanner:CAT:volume_spike:2026-07-30,scanner,CAT,volume_spike,2026-07-30,US,5,5.91,3.6228,2.2872
pead:MSFT:entry:2026-07-30,pead,MSFT,entry,2026-07-30,US,5,10.8091,3.6228,7.1863
pead:MA:entry:2026-07-30,pead,MA,entry,2026-07-30,US,5,-0.2425,3.6228,-3.8653
pead:ELUX-B.ST:entry:2026-07-30,pead,ELUX-B.ST,entry,2026-07-30,SE,5,nan,2.8913,nan
pead:HEXA-B.ST:entry:2026-07-30,pead,HEXA-B.ST,entry,2026-07-30,SE,5,nan,2.8913,nan
pead:STORY-B.ST:entry:2026-07-30,pead,STORY-B.ST,entry,2026-07-30,SE,5,nan,2.8913,nan
scanner:GRANGX.ST:big_move:2026-08-04,scanner,GRANGX.ST,big_move,2026-08-04,SE,1,0.0,0.0195,-0.0195
scanner:SOBI.ST:big_move:2026-08-04,scanner,SOBI.ST,big_move,2026-08-04,SE,1,1.0546,0.0195,1.035
scanner:SIVE.ST:big_move:2026-08-04,scanner,SIVE.ST,big_move,2026-08-04,SE,1,-8.3648,0.0195,-8.3844
scanner:NOKIA-SEK.ST:volume_spike:2026-08-04,scanner,NOKIA-SEK.ST,volume_spike,2026-08-04,SE,1,-2.3639,0.0195,-2.3834
scanner:BOOZT.ST:volume_spike:2026-08-04,scanner,BOOZT.ST,volume_spike,2026-08-04,SE,1,-2.7329,0.0195,-2.7525
scanner:SIVE.ST:volume_spike:2026-08-04,scanner,SIVE.ST,volume_spike,2026-08-04,SE,1,-8.3648,0.0195,-8.3844
scanner:HTRO.ST:big_move:2026-08-04,scanner,HTRO.ST,big_move,2026-08-04,SE,1,0.0,0.0195,-0.0195
scanner:CAT:big_move:2026-08-04,scanner,CAT,big_move,2026-08-04,US,1,-0.6229,-0.1997,-0.4232
scanner:LUMI.ST:big_move:2026-08-04,scanner,LUMI.ST,big_move,2026-08-04,SE,1,6.1439,0.0195,6.1244
scanner:AMD:volume_spike:2026-08-04,scanner,AMD,volume_spike,2026-08-04,US,1,-7.0442,-0.1997,-6.8446
scanner:CAT:volume_spike:2026-08-04,scanner,CAT,volume_spike,2026-08-04,US,1,-0.6229,-0.1997,-0.4232
scanner:MS:volume_spike:2026-08-04,scanner,MS,volume_spike,2026-08-04,US,1,0.5667,-0.1997,0.7664
pead:AMD:entry:2026-08-04,pead,AMD,entry,2026-08-04,US,1,-7.0442,-0.1997,-6.8446
pead:PLTR:entry:2026-08-04,pead,PLTR,entry,2026-08-04,US,1,-2.6005,-0.1997,-2.4009
pead:ASMDEE-B.ST:entry:2026-08-04,pead,ASMDEE-B.ST,entry,2026-08-04,SE,1,0.3661,0.0195,0.3465
scanner:NOKIA-SEK.ST:big_move:2026-08-05,scanner,NOKIA-SEK.ST,big_move,2026-08-05,SE,1,nan,0.0,nan
scanner:HTRO.ST:big_move:2026-08-05,scanner,HTRO.ST,big_move,2026-08-05,SE,1,nan,0.0,nan
scanner:SIVE.ST:big_move:2026-08-05,scanner,SIVE.ST,big_move,2026-08-05,SE,1,nan,0.0,nan
scanner:LUMI.ST:volume_spike:2026-08-05,scanner,LUMI.ST,volume_spike,2026-08-05,SE,1,nan,0.0,nan
scanner:GRANGX.ST:big_move:2026-08-05,scanner,GRANGX.ST,big_move,2026-08-05,SE,1,nan,0.0,nan
scanner:AMD:volume_spike:2026-08-05,scanner,AMD,volume_spike,2026-08-05,US,1,1.4998,-0.1598,1.6596
scanner:LLY:volume_spike:2026-08-05,scanner,LLY,volume_spike,2026-08-05,US,1,1.8874,-0.1598,2.0472
scanner:NVDA:volume_spike:2026-08-05,scanner,NVDA,volume_spike,2026-08-05,US,1,-0.1049,-0.1598,0.0549
pead:LUG.ST:entry:2026-08-05,pead,LUG.ST,entry,2026-08-05,SE,1,nan,0.0,nan
pead:LUMI.ST:entry:2026-08-05,pead,LUMI.ST,entry,2026-08-05,SE,1,nan,0.0,nan
scanner:EPIS-B.ST:big_move:2026-07-08,scanner,EPIS-B.ST,big_move,2026-07-08,SE,20,-9.3656,5.8022,-15.1678
scanner:SIVE.ST:big_move:2026-07-08,scanner,SIVE.ST,big_move,2026-07-08,SE,20,-13.7195,5.8022,-19.5217
scanner:CHEF.ST:big_move:2026-07-08,scanner,CHEF.ST,big_move,2026-07-08,SE,20,-3.6278,5.8022,-9.43
scanner:NOKIA-SEK.ST:big_move:2026-07-08,scanner,NOKIA-SEK.ST,big_move,2026-07-08,SE,20,-18.5205,5.8022,-24.3227
scanner:HTRO.ST:big_move:2026-07-08,scanner,HTRO.ST,big_move,2026-07-08,SE,20,20.2638,5.8022,14.4616
scanner:EPIS-B.ST:volume_spike:2026-07-08,scanner,EPIS-B.ST,volume_spike,2026-07-08,SE,20,-9.3656,5.8022,-15.1678
scanner:NCAB.ST:big_move:2026-07-08,scanner,NCAB.ST,big_move,2026-07-08,SE,20,-0.5571,5.8022,-6.3593
scanner:AVGO:big_move:2026-07-08,scanner,AVGO,big_move,2026-07-08,US,20,7.6127,3.2721,4.3407
scanner:SIVE.ST:big_move:2026-07-09,scanner,SIVE.ST,big_move,2026-07-09,SE,20,-12.201,4.2901,-16.4911
scanner:CHEF.ST:big_move:2026-07-09,scanner,CHEF.ST,big_move,2026-07-09,SE,20,-3.2558,4.2901,-7.5459
scanner:SIVE.ST:volume_spike:2026-07-09,scanner,SIVE.ST,volume_spike,2026-07-09,SE,20,-12.201,4.2901,-16.4911
scanner:SPRINT.ST:volume_spike:2026-07-09,scanner,SPRINT.ST,volume_spike,2026-07-09,SE,20,-10.0,4.2901,-14.2901
scanner:ABB.ST:volume_spike:2026-07-09,scanner,ABB.ST,volume_spike,2026-07-09,SE,20,-4.8718,4.2901,-9.1619
scanner:NOKIA-SEK.ST:big_move:2026-07-09,scanner,NOKIA-SEK.ST,big_move,2026-07-09,SE,20,-26.3573,4.2901,-30.6474
scanner:AMD:big_move:2026-07-09,scanner,AMD,big_move,2026-07-09,US,20,-10.5063,2.2416,-12.7478
scanner:ERIC-B.ST:big_move:2026-07-09,scanner,ERIC-B.ST,big_move,2026-07-09,SE,20,-13.5024,4.2901,-17.7926
scanner:MORROW.ST:big_move:2026-07-09,scanner,MORROW.ST,big_move,2026-07-09,SE,20,-2.1053,4.2901,-6.3954
scanner:ERIC-B.ST:big_move:2026-07-10,scanner,ERIC-B.ST,big_move,2026-07-10,SE,20,-12.2505,4.2344,-16.4849
scanner:NOKIA-SEK.ST:big_move:2026-07-10,scanner,NOKIA-SEK.ST,big_move,2026-07-10,SE,20,-25.5936,4.2344,-29.828
scanner:SIVE.ST:volume_spike:2026-07-10,scanner,SIVE.ST,volume_spike,2026-07-10,SE,20,-14.5516,4.2344,-18.786
scanner:MORROW.ST:big_move:2026-07-10,scanner,MORROW.ST,big_move,2026-07-10,SE,20,-4.3027,4.2344,-8.5371
scanner:EPIS-B.ST:big_move:2026-07-10,scanner,EPIS-B.ST,big_move,2026-07-10,SE,20,-1.2365,4.2344,-5.4709
pead:BULTEN.ST:entry:2026-07-10,pead,BULTEN.ST,entry,2026-07-10,SE,20,20.2729,4.2344,16.0385
pead:CARA.ST:entry:2026-07-10,pead,CARA.ST,entry,2026-07-10,SE,20,9.4262,4.2344,5.1918
scanner:HTRO.ST:big_move:2026-07-31,scanner,HTRO.ST,big_move,2026-07-31,SE,5,6.6262,2.0148,4.6113
scanner:NCAB.ST:big_move:2026-07-31,scanner,NCAB.ST,big_move,2026-07-31,SE,5,4.2151,2.0148,2.2003
scanner:NOKIA-SEK.ST:big_move:2026-07-31,scanner,NOKIA-SEK.ST,big_move,2026-07-31,SE,5,2.2894,2.0148,0.2745
scanner:NOKIA-SEK.ST:volume_spike:2026-07-31,scanner,NOKIA-SEK.ST,volume_spike,2026-07-31,SE,5,2.2894,2.0148,0.2745
scanner:SIVE.ST:volume_spike:2026-07-31,scanner,SIVE.ST,volume_spike,2026-07-31,SE,5,31.4249,2.0148,29.41
scanner:EPIS-B.ST:big_move:2026-07-31,scanner,EPIS-B.ST,big_move,2026-07-31,SE,5,6.6778,2.0148,4.663
scanner:ORRON.ST:volume_spike:2026-07-31,scanner,ORRON.ST,volume_spike,2026-07-31,SE,5,-4.426,2.0148,-6.4408
scanner:ABB.ST:volume_spike:2026-07-31,scanner,ABB.ST,volume_spike,2026-07-31,SE,5,2.653,2.0148,0.6381
scanner:SPRINT.ST:volume_spike:2026-07-31,scanner,SPRINT.ST,volume_spike,2026-07-31,SE,5,-2.7778,2.0148,-4.7926
scanner:AAPL:volume_spike:2026-07-31,scanner,AAPL,volume_spike,2026-07-31,US,5,1.4308,3.5112,-2.0804
scanner:GOOGL:big_move:2026-07-31,scanner,GOOGL,big_move,2026-07-31,US,5,-0.5139,3.5112,-4.0251
pead:AAPL:entry:2026-07-31,pead,AAPL,entry,2026-07-31,US,5,1.4308,3.5112,-2.0804
pead:AMZN:entry:2026-07-31,pead,AMZN,entry,2026-07-31,US,5,1.0678,3.5112,-2.4434
pead:XOM:entry:2026-07-31,pead,XOM,entry,2026-07-31,US,5,-1.544,3.5112,-5.0552
pead:CVX:entry:2026-07-31,pead,CVX,entry,2026-07-31,US,5,-5.2177,3.5112,-8.7289
breakout:DXCM:breakout:2026-07-31,breakout,DXCM,breakout,2026-07-31,US,5,1.5578,3.5112,-1.9534
scanner:GRANGX.ST:big_move:2026-08-06,scanner,GRANGX.ST,big_move,2026-08-06,SE,1,0.0,-0.3238,0.3238
scanner:SIVE.ST:big_move:2026-08-06,scanner,SIVE.ST,big_move,2026-08-06,SE,1,10.0817,-0.3238,10.4055
scanner:LUMI.ST:volume_spike:2026-08-06,scanner,LUMI.ST,volume_spike,2026-08-06,SE,1,-1.6962,-0.3238,-1.3724
scanner:SPRINT.ST:volume_spike:2026-08-06,scanner,SPRINT.ST,volume_spike,2026-08-06,SE,1,2.3392,-0.3238,2.663
pead:MRK:entry:2026-08-07,pead,MRK,entry,2026-08-07,US,1,1.8199,-0.0297,1.8496
pead:CAT:entry:2026-08-07,pead,CAT,entry,2026-08-07,US,1,-0.5474,-0.0297,-0.5176
pead:AMGN:entry:2026-08-07,pead,AMGN,entry,2026-08-07,US,1,1.5209,-0.0297,1.5506
pead:PFE:entry:2026-08-07,pead,PFE,entry,2026-08-07,US,1,1.0837,-0.0297,1.1134
pead:BKNG:entry:2026-08-07,pead,BKNG,entry,2026-08-07,US,1,-0.7182,-0.0297,-0.6885
scanner:GRANGX.ST:big_move:2026-08-07,scanner,GRANGX.ST,big_move,2026-08-07,SE,1,299.651,-0.2043,299.8552
scanner:SIVE.ST:big_move:2026-08-07,scanner,SIVE.ST,big_move,2026-08-07,SE,1,8.5148,-0.2043,8.7191
scanner:SPRINT.ST:volume_spike:2026-08-07,scanner,SPRINT.ST,volume_spike,2026-08-07,SE,1,-1.7143,-0.2043,-1.51
scanner:SINCH.ST:volume_spike:2026-08-07,scanner,SINCH.ST,volume_spike,2026-08-07,SE,1,-0.9278,-0.2043,-0.7235
scanner:HOFI.ST:volume_spike:2026-08-07,scanner,HOFI.ST,volume_spike,2026-08-07,SE,1,0.1866,-0.2043,0.3909
pead:LLY:entry:2026-08-07,pead,LLY,entry,2026-08-07,US,1,3.8989,-0.0297,3.9287
pead:UBER:entry:2026-08-07,pead,UBER,entry,2026-08-07,US,1,4.0123,-0.0297,4.042
pead:DIS:entry:2026-08-07,pead,DIS,entry,2026-08-07,US,1,-1.649,-0.0297,-1.6193
pead:COP:entry:2026-08-07,pead,COP,entry,2026-08-07,US,1,4.6085,-0.0297,4.6382
exits:GOOGL:ma50_break:2026-08-07,exits,GOOGL,ma50_break,2026-08-07,US,1,0.9088,-0.0297,0.9386
breakout:GEN:breakout:2026-08-07,breakout,GEN,breakout,2026-08-07,US,1,0.4114,-0.0297,0.4411
breakout:YUBICO.ST:breakout:2026-08-07,breakout,YUBICO.ST,breakout,2026-08-07,SE,1,-0.9024,-0.2043,-0.6981
stocks:GRANGX.ST:buy:2026-08-03,stocks,GRANGX.ST,buy,2026-08-03,SE,5,0.0,0.951,-0.951
stocks:HOFI.ST:buy:2026-08-03,stocks,HOFI.ST,buy,2026-08-03,SE,5,-0.3711,0.951,-1.3221
stocks:BOOZT.ST:buy:2026-08-03,stocks,BOOZT.ST,buy,2026-08-03,SE,5,-2.3651,0.951,-3.3161
stocks:ALLEI.ST:buy:2026-08-03,stocks,ALLEI.ST,buy,2026-08-03,SE,5,0.7772,0.951,-0.1738
stocks:LUMI.ST:buy:2026-08-03,stocks,LUMI.ST,buy,2026-08-03,SE,5,8.8024,0.951,7.8514
stocks:SSAB-B.ST:buy:2026-08-03,stocks,SSAB-B.ST,buy,2026-08-03,SE,5,0.6863,0.951,-0.2647
stocks:MRK:buy:2026-08-03,stocks,MRK,buy,2026-08-03,US,5,2.4654,2.0273,0.4381
stocks:LLY:buy:2026-08-03,stocks,LLY,buy,2026-08-03,US,5,9.8612,2.0273,7.834
multifactor:SWED-A.ST:buy:2026-08-03,multifactor,SWED-A.ST,buy,2026-08-03,SE,5,-1.3024,0.951,-2.2534
multifactor:BUFAB.ST:buy:2026-08-03,multifactor,BUFAB.ST,buy,2026-08-03,SE,5,-2.0468,0.951,-2.9978
multifactor:INDU-C.ST:buy:2026-08-03,multifactor,INDU-C.ST,buy,2026-08-03,SE,5,-1.3362,0.951,-2.2872
scanner:GRANGX.ST:big_move:2026-08-03,scanner,GRANGX.ST,big_move,2026-08-03,SE,5,0.0,0.951,-0.951
scanner:SINCH.ST:volume_spike:2026-08-03,scanner,SINCH.ST,volume_spike,2026-08-03,SE,5,8.8243,0.951,7.8732
scanner:SIVE.ST:big_move:2026-08-03,scanner,SIVE.ST,big_move,2026-08-03,SE,5,40.6029,0.951,39.6519
scanner:SOBI.ST:big_move:2026-08-03,scanner,SOBI.ST,big_move,2026-08-03,SE,5,3.3028,0.951,2.3517
scanner:GOOGL:volume_spike:2026-08-03,scanner,GOOGL,volume_spike,2026-08-03,US,5,-4.281,2.0273,-6.3083
scanner:TXN:volume_spike:2026-08-03,scanner,TXN,volume_spike,2026-08-03,US,5,4.2373,2.0273,2.21
scanner:GRANGX.ST:big_move:2026-08-04,scanner,GRANGX.ST,big_move,2026-08-04,SE,5,0.0,-0.8803,0.8803
scanner:SOBI.ST:big_move:2026-08-04,scanner,SOBI.ST,big_move,2026-08-04,SE,5,1.1921,-0.8803,2.0724
scanner:SIVE.ST:big_move:2026-08-04,scanner,SIVE.ST,big_move,2026-08-04,SE,5,12.2504,-0.8803,13.1307
scanner:NOKIA-SEK.ST:volume_spike:2026-08-04,scanner,NOKIA-SEK.ST,volume_spike,2026-08-04,SE,5,-4.7488,-0.8803,-3.8686
scanner:BOOZT.ST:volume_spike:2026-08-04,scanner,BOOZT.ST,volume_spike,2026-08-04,SE,5,-0.4969,-0.8803,0.3834
scanner:SIVE.ST:volume_spike:2026-08-04,scanner,SIVE.ST,volume_spike,2026-08-04,SE,5,12.2504,-0.8803,13.1307
scanner:HTRO.ST:big_move:2026-08-04,scanner,HTRO.ST,big_move,2026-08-04,SE,5,-0.7976,-0.8803,0.0827
scanner:CAT:big_move:2026-08-04,scanner,CAT,big_move,2026-08-04,US,5,-3.7842,-0.0998,-3.6844
scanner:LUMI.ST:big_move:2026-08-04,scanner,LUMI.ST,big_move,2026-08-04,SE,5,2.021,-0.8803,2.9013
scanner:AMD:volume_spike:2026-08-04,scanner,AMD,volume_spike,2026-08-04,US,5,-8.5348,-0.0998,-8.435
scanner:CAT:volume_spike:2026-08-04,scanner,CAT,volume_spike,2026-08-04,US,5,-3.7842,-0.0998,-3.6844
scanner:MS:volume_spike:2026-08-04,scanner,MS,volume_spike,2026-08-04,US,5,-0.9077,-0.0998,-0.8078
pead:AMD:entry:2026-08-04,pead,AMD,entry,2026-08-04,US,5,-8.5348,-0.0998,-8.435
pead:PLTR:entry:2026-08-04,pead,PLTR,entry,2026-08-04,US,5,7.5495,-0.0998,7.6493
pead:ASMDEE-B.ST:entry:2026-08-04,pead,ASMDEE-B.ST,entry,2026-08-04,SE,5,-3.4167,-0.8803,-2.5364
scanner:GRANGX.ST:big_move:2026-08-10,scanner,GRANGX.ST,big_move,2026-08-10,SE,1,0.0,-0.2593,0.2593
scanner:SIVE.ST:big_move:2026-08-10,scanner,SIVE.ST,big_move,2026-08-10,SE,1,-5.1095,-0.2593,-4.8502
scanner:SIVE.ST:volume_spike:2026-08-10,scanner,SIVE.ST,volume_spike,2026-08-10,SE,1,-5.1095,-0.2593,-4.8502
scanner:SPRINT.ST:volume_spike:2026-08-10,scanner,SPRINT.ST,volume_spike,2026-08-10,SE,1,-2.3256,-0.2593,-2.0663
scanner:SINCH.ST:volume_spike:2026-08-10,scanner,SINCH.ST,volume_spike,2026-08-10,SE,1,1.005,-0.2593,1.2643
scanner:AAPL:volume_spike:2026-08-10,scanner,AAPL,volume_spike,2026-08-10,US,1,-1.0867,-0.3195,-0.7672
scanner:CSCO:volume_spike:2026-08-10,scanner,CSCO,volume_spike,2026-08-10,US,1,-1.7459,-0.3195,-1.4264
pead:BRK-B:entry:2026-08-10,pead,BRK-B,entry,2026-08-10,US,1,-2.4631,-0.3195,-2.1435
pead:YUBICO.ST:entry:2026-08-10,pead,YUBICO.ST,entry,2026-08-10,SE,1,7.6266,-0.2593,7.8859
exits:ACAST.ST:ma50_break:2026-08-10,exits,ACAST.ST,ma50_break,2026-08-10,SE,1,-0.277,-0.2593,-0.0177
exits:ACCON.ST:ma50_break:2026-08-10,exits,ACCON.ST,ma50_break,2026-08-10,SE,1,1.4168,-0.2593,1.676
exits:AMD:ma50_break:2026-08-10,exits,AMD,ma50_break,2026-08-10,US,1,1.0137,-0.3195,1.3332
exits:CAT:ma50_break:2026-08-10,exits,CAT,ma50_break,2026-08-10,US,1,0.6913,-0.3195,1.0108
exits:CHEF.ST:ma50_break:2026-08-10,exits,CHEF.ST,ma50_break,2026-08-10,SE,1,0.8104,-0.2593,1.0696
exits:GS:ma50_break:2026-08-10,exits,GS,ma50_break,2026-08-10,US,1,-0.0097,-0.3195,0.3099
exits:HTRO.ST:ma50_break:2026-08-10,exits,HTRO.ST,ma50_break,2026-08-10,SE,1,2.0513,-0.2593,2.3105
exits:INSTAL.ST:ma50_break:2026-08-10,exits,INSTAL.ST,ma50_break,2026-08-10,SE,1,0.2189,-0.2593,0.4782
exits:NOKIA-SEK.ST:ma50_break:2026-08-10,exits,NOKIA-SEK.ST,ma50_break,2026-08-10,SE,1,2.4285,-0.2593,2.6878
exits:SIVE.ST:ma50_break:2026-08-10,exits,SIVE.ST,ma50_break,2026-08-10,SE,1,-5.1095,-0.2593,-4.8502
exits:SOBI.ST:ma50_break:2026-08-10,exits,SOBI.ST,ma50_break,2026-08-10,SE,1,-1.9982,-0.2593,-1.739
exits:SPRINT.ST:ma50_break:2026-08-10,exits,SPRINT.ST,ma50_break,2026-08-10,SE,1,-2.3256,-0.2593,-2.0663
exits:TXN:ma50_break:2026-08-10,exits,TXN,ma50_break,2026-08-10,US,1,0.2853,-0.3195,0.6048
exits:UNH:ma50_break:2026-08-10,exits,UNH,ma50_break,2026-08-10,US,1,-1.6025,-0.3195,-1.283
scanner:SIVE.ST:big_move:2026-07-13,scanner,SIVE.ST,big_move,2026-07-13,SE,20,-0.6542,3.9224,-4.5766
scanner:MORROW.ST:volume_spike:2026-07-13,scanner,MORROW.ST,volume_spike,2026-07-13,SE,20,0.0,3.9224,-3.9224
pead:OEM-B.ST:entry:2026-07-13,pead,OEM-B.ST,entry,2026-07-13,SE,20,0.0,3.9224,-3.9224
breakout:OEM-B.ST:breakout:2026-07-13,breakout,OEM-B.ST,breakout,2026-07-13,SE,20,0.0,3.9224,-3.9224
scanner:NOKIA-SEK.ST:big_move:2026-08-05,scanner,NOKIA-SEK.ST,big_move,2026-08-05,SE,5,7.2417,-1.0683,8.3099
scanner:HTRO.ST:big_move:2026-08-05,scanner,HTRO.ST,big_move,2026-08-05,SE,5,1.6201,-1.0683,2.6884
scanner:SIVE.ST:big_move:2026-08-05,scanner,SIVE.ST,big_move,2026-08-05,SE,5,25.2061,-1.0683,26.2744
scanner:LUMI.ST:volume_spike:2026-08-05,scanner,LUMI.ST,volume_spike,2026-08-05,SE,5,-3.2749,-1.0683,-2.2067
scanner:GRANGX.ST:big_move:2026-08-05,scanner,GRANGX.ST,big_move,2026-08-05,SE,5,0.0,-1.0683,1.0683
scanner:AMD:volume_spike:2026-08-05,scanner,AMD,volume_spike,2026-08-05,US,5,0.1826,0.3507,-0.1682
scanner:LLY:volume_spike:2026-08-05,scanner,LLY,volume_spike,2026-08-05,US,5,4.3099,0.3507,3.9592
scanner:NVDA:volume_spike:2026-08-05,scanner,NVDA,volume_spike,2026-08-05,US,5,2.2215,0.3507,1.8708
pead:LUG.ST:entry:2026-08-05,pead,LUG.ST,entry,2026-08-05,SE,5,8.2625,-1.0683,9.3307
pead:LUMI.ST:entry:2026-08-05,pead,LUMI.ST,entry,2026-08-05,SE,5,-3.2749,-1.0683,-2.2067
scanner:GRANGX.ST:big_move:2026-08-11,scanner,GRANGX.ST,big_move,2026-08-11,SE,1,0.0,-0.1702,0.1702
scanner:SIVE.ST:big_move:2026-08-11,scanner,SIVE.ST,big_move,2026-08-11,SE,1,2.2115,-0.1702,2.3817
scanner:MORROW.ST:volume_spike:2026-08-11,scanner,MORROW.ST,volume_spike,2026-08-11,SE,1,1.1994,-0.1702,1.3696
exits:GOOGL:ma50_break:2026-08-11,exits,GOOGL,ma50_break,2026-08-11,US,1,-0.0756,0.2505,-0.3261
exits:MS:ma50_break:2026-08-11,exits,MS,ma50_break,2026-08-11,US,1,1.195,0.2505,0.9445
scanner:MYCR.ST:big_move:2026-07-14,scanner,MYCR.ST,big_move,2026-07-14,SE,20,-3.6557,4.066,-7.7217
scanner:SIVE.ST:big_move:2026-07-14,scanner,SIVE.ST,big_move,2026-07-14,SE,20,0.1885,4.066,-3.8775
scanner:ERIC-B.ST:volume_spike:2026-07-14,scanner,ERIC-B.ST,volume_spike,2026-07-14,SE,20,-0.7713,4.066,-4.8373
scanner:MYCR.ST:volume_spike:2026-07-14,scanner,MYCR.ST,volume_spike,2026-07-14,SE,20,-3.6557,4.066,-7.7217
scanner:HTRO.ST:volume_spike:2026-07-14,scanner,HTRO.ST,volume_spike,2026-07-14,SE,20,19.2105,4.066,15.1445
scanner:EPIS-B.ST:big_move:2026-07-14,scanner,EPIS-B.ST,big_move,2026-07-14,SE,20,-4.2345,4.066,-8.3006
scanner:AMD:big_move:2026-07-14,scanner,AMD,big_move,2026-07-14,US,20,-13.4658,2.4913,-15.957
scanner:GS:volume_spike:2026-07-14,scanner,GS,volume_spike,2026-07-14,US,20,-9.2623,2.4913,-11.7535
pead:AQ.ST:entry:2026-07-14,pead,AQ.ST,entry,2026-07-14,SE,20,-6.1333,4.066,-10.1994
pead:LIME.ST:entry:2026-07-14,pead,LIME.ST,entry,2026-07-14,SE,20,2.7335,4.066,-1.3325
pead:MYCR.ST:entry:2026-07-14,pead,MYCR.ST,entry,2026-07-14,SE,20,-3.6557,4.066,-7.7217
breakout:MYCR.ST:breakout:2026-07-14,breakout,MYCR.ST,breakout,2026-07-14,SE,20,-3.6557,4.066,-7.7217
scanner:GRANGX.ST:big_move:2026-08-06,scanner,GRANGX.ST,big_move,2026-08-06,SE,5,0.0,-1.2531,1.2531
scanner:SIVE.ST:big_move:2026-08-06,scanner,SIVE.ST,big_move,2026-08-06,SE,5,10.3542,-1.2531,11.6073
scanner:LUMI.ST:volume_spike:2026-08-06,scanner,LUMI.ST,volume_spike,2026-08-06,SE,5,-6.0524,-1.2531,-4.7994
scanner:SPRINT.ST:volume_spike:2026-08-06,scanner,SPRINT.ST,volume_spike,2026-08-06,SE,5,-0.2924,-1.2531,0.9607
scanner:GRANGX.ST:big_move:2026-08-12,scanner,GRANGX.ST,big_move,2026-08-12,SE,1,0.0,-0.3017,0.3017
scanner:NOKIA-SEK.ST:volume_spike:2026-08-12,scanner,NOKIA-SEK.ST,volume_spike,2026-08-12,SE,1,3.3562,-0.3017,3.6579
scanner:SIVE.ST:big_move:2026-08-12,scanner,SIVE.ST,big_move,2026-08-12,SE,1,-4.7507,-0.3017,-4.449
scanner:SPRINT.ST:volume_spike:2026-08-12,scanner,SPRINT.ST,volume_spike,2026-08-12,SE,1,5.5728,-0.3017,5.8745
breakout:SEYE.ST:breakout:2026-08-12,breakout,SEYE.ST,breakout,2026-08-12,SE,1,0.6085,-0.3017,0.9102
stocks:VESTUM.ST:buy:2026-07-01,stocks,VESTUM.ST,buy,2026-07-01,SE,20,4.3423,4.0541,0.2882
scanner:ERIC-B.ST:big_move:2026-07-15,scanner,ERIC-B.ST,big_move,2026-07-15,SE,20,0.8222,4.1449,-3.3227
scanner:MYCR.ST:big_move:2026-07-15,scanner,MYCR.ST,big_move,2026-07-15,SE,20,-3.4144,4.1449,-7.5593
scanner:NCAB.ST:big_move:2026-07-15,scanner,NCAB.ST,big_move,2026-07-15,SE,20,2.2697,4.1449,-1.8752
scanner:HTRO.ST:volume_spike:2026-07-15,scanner,HTRO.ST,volume_spike,2026-07-15,SE,20,-5.625,4.46,-10.085
scanner:MYCR.ST:volume_spike:2026-07-15,scanner,MYCR.ST,volume_spike,2026-07-15,SE,20,-3.4144,4.1449,-7.5593
scanner:GS:big_move:2026-07-15,scanner,GS,big_move,2026-07-15,US,20,-9.9699,2.3423,-12.3122
scanner:GS:volume_spike:2026-07-15,scanner,GS,volume_spike,2026-07-15,US,20,-9.9699,2.3423,-12.3122
scanner:MS:volume_spike:2026-07-15,scanner,MS,volume_spike,2026-07-15,US,20,-4.2494,2.3423,-6.5917
scanner:SIVE.ST:big_move:2026-07-15,scanner,SIVE.ST,big_move,2026-07-15,SE,20,2.118,4.1449,-2.0269
scanner:CSCO:big_move:2026-07-15,scanner,CSCO,big_move,2026-07-15,US,20,10.8348,2.3423,8.4924
scanner:AMD:big_move:2026-07-15,scanner,AMD,big_move,2026-07-15,US,20,-8.733,2.3423,-11.0754
pead:JPM:entry:2026-07-15,pead,JPM,entry,2026-07-15,US,20,5.2665,2.3423,2.9242
pead:BAC:entry:2026-07-15,pead,BAC,entry,2026-07-15,US,20,5.2281,2.3423,2.8858
pead:GS:entry:2026-07-15,pead,GS,entry,2026-07-15,US,20,-9.9699,2.3423,-12.3122
pead:MS:entry:2026-07-15,pead,MS,entry,2026-07-15,US,20,-4.2494,2.3423,-6.5917
scanner:SPRINT.ST:big_move:2026-07-16,scanner,SPRINT.ST,big_move,2026-07-16,SE,20,-10.4839,3.9689,-14.4527
scanner:HTRO.ST:volume_spike:2026-07-16,scanner,HTRO.ST,volume_spike,2026-07-16,SE,20,-8.4544,4.1892,-12.6436
scanner:SIVE.ST:big_move:2026-07-16,scanner,SIVE.ST,big_move,2026-07-16,SE,20,16.0764,3.9689,12.1076
scanner:ABB.ST:volume_spike:2026-07-16,scanner,ABB.ST,volume_spike,2026-07-16,SE,20,4.9391,4.1892,0.7499
scanner:BOOZT.ST:volume_spike:2026-07-16,scanner,BOOZT.ST,volume_spike,2026-07-16,SE,20,1.5066,4.1892,-2.6826
scanner:ACCON.ST:volume_spike:2026-07-16,scanner,ACCON.ST,volume_spike,2026-07-16,SE,20,-3.8283,3.9689,-7.7972
scanner:NOKIA-SEK.ST:big_move:2026-07-16,scanner,NOKIA-SEK.ST,big_move,2026-07-16,SE,20,1.4789,4.1892,-2.7103
scanner:UNH:volume_spike:2026-07-16,scanner,UNH,volume_spike,2026-07-16,US,20,-5.7443,3.6179,-9.3621
scanner:AMD:big_move:2026-07-16,scanner,AMD,big_move,2026-07-16,US,20,-3.5793,3.6179,-7.1971
pead:UNH:entry:2026-07-16,pead,UNH,entry,2026-07-16,US,20,-5.7443,3.6179,-9.3621
pead:GE:entry:2026-07-16,pead,GE,entry,2026-07-16,US,20,4.3126,3.6179,0.6947
pead:BUFAB.ST:entry:2026-07-16,pead,BUFAB.ST,entry,2026-07-16,SE,20,-4.3042,3.9689,-8.273
pead:CAMX.ST:entry:2026-07-16,pead,CAMX.ST,entry,2026-07-16,SE,20,-0.7042,4.1892,-4.8934
pead:CLA-B.ST:entry:2026-07-16,pead,CLA-B.ST,entry,2026-07-16,SE,20,-0.6306,3.9689,-4.5995
pead:EPEN.ST:entry:2026-07-16,pead,EPEN.ST,entry,2026-07-16,SE,20,-6.7164,3.9689,-10.6853
pead:GRNG.ST:entry:2026-07-16,pead,GRNG.ST,entry,2026-07-16,SE,20,3.4212,3.9689,-0.5477
pead:HTRO.ST:entry:2026-07-16,pead,HTRO.ST,entry,2026-07-16,SE,20,-8.4544,4.1892,-12.6436
pead:INDT.ST:entry:2026-07-16,pead,INDT.ST,entry,2026-07-16,SE,20,-5.5686,4.1892,-9.7578
pead:INWI.ST:entry:2026-07-16,pead,INWI.ST,entry,2026-07-16,SE,20,-0.2298,4.1892,-4.419
pead:MIPS.ST:entry:2026-07-16,pead,MIPS.ST,entry,2026-07-16,SE,20,12.3953,3.9689,8.4264
pead:PACT.ST:entry:2026-07-16,pead,PACT.ST,entry,2026-07-16,SE,20,-2.9457,3.9689,-6.9146
pead:PEAB-B.ST:entry:2026-07-16,pead,PEAB-B.ST,entry,2026-07-16,SE,20,3.3999,3.9689,-0.569
pead:TROAX.ST:entry:2026-07-16,pead,TROAX.ST,entry,2026-07-16,SE,20,-2.6536,4.1892,-6.8428
pead:VITR.ST:entry:2026-07-16,pead,VITR.ST,entry,2026-07-16,SE,20,-4.8679,4.1892,-9.0572
breakout:JBHT:breakout:2026-07-16,breakout,JBHT,breakout,2026-07-16,US,20,-5.2323,3.6179,-8.8502
breakout:KAMBI.ST:breakout:2026-07-16,breakout,KAMBI.ST,breakout,2026-07-16,SE,20,8.2635,4.1892,4.0743
scanner:NOKIA-SEK.ST:big_move:2026-07-17,scanner,NOKIA-SEK.ST,big_move,2026-07-17,SE,20,3.995,4.0541,-0.0591
scanner:ACCON.ST:volume_spike:2026-07-17,scanner,ACCON.ST,volume_spike,2026-07-17,SE,20,9.1275,3.793,5.3345
scanner:SIVE.ST:big_move:2026-07-17,scanner,SIVE.ST,big_move,2026-07-17,SE,20,22.1625,3.793,18.3695
scanner:ABB.ST:big_move:2026-07-17,scanner,ABB.ST,big_move,2026-07-17,SE,20,2.7931,4.0541,-1.261
scanner:VOLV-B.ST:volume_spike:2026-07-17,scanner,VOLV-B.ST,volume_spike,2026-07-17,SE,20,0.3244,4.0541,-3.7297
scanner:EVO.ST:volume_spike:2026-07-17,scanner,EVO.ST,volume_spike,2026-07-17,SE,20,13.9138,3.793,10.1208
scanner:INSTAL.ST:volume_spike:2026-07-17,scanner,INSTAL.ST,volume_spike,2026-07-17,SE,20,-10.5699,3.793,-14.3629
scanner:NOKIA-SEK.ST:volume_spike:2026-07-17,scanner,NOKIA-SEK.ST,volume_spike,2026-07-17,SE,20,3.995,4.0541,-0.0591
scanner:EPIS-B.ST:big_move:2026-07-17,scanner,EPIS-B.ST,big_move,2026-07-17,SE,20,3.9861,4.0541,-0.068
scanner:ABB.ST:volume_spike:2026-07-17,scanner,ABB.ST,volume_spike,2026-07-17,SE,20,2.7931,4.0541,-1.261
scanner:SIVE.ST:volume_spike:2026-07-17,scanner,SIVE.ST,volume_spike,2026-07-17,SE,20,22.1625,3.793,18.3695
scanner:HTRO.ST:big_move:2026-07-17,scanner,HTRO.ST,big_move,2026-07-17,SE,20,-9.0529,4.0541,-13.107
scanner:SAND.ST:big_move:2026-07-17,scanner,SAND.ST,big_move,2026-07-17,SE,20,6.2408,4.0541,2.1867
scanner:NCAB.ST:big_move:2026-07-17,scanner,NCAB.ST,big_move,2026-07-17,SE,20,1.6349,4.0541,-2.4192
scanner:MORROW.ST:volume_spike:2026-07-17,scanner,MORROW.ST,volume_spike,2026-07-17,SE,20,9.7826,4.0541,5.7285
scanner:NVDA:volume_spike:2026-07-17,scanner,NVDA,volume_spike,2026-07-17,US,20,11.0202,4.4465,6.5737
scanner:MS:volume_spike:2026-07-17,scanner,MS,volume_spike,2026-07-17,US,20,1.4183,4.4465,-3.0281
scanner:GOOGL:volume_spike:2026-07-17,scanner,GOOGL,volume_spike,2026-07-17,US,20,-0.2509,4.4465,-4.6973
scanner:AVGO:volume_spike:2026-07-17,scanner,AVGO,volume_spike,2026-07-17,US,20,5.9758,4.4465,1.5293
scanner:GS:volume_spike:2026-07-17,scanner,GS,volume_spike,2026-07-17,US,20,-2.422,4.4465,-6.8685
scanner:AMD:volume_spike:2026-07-17,scanner,AMD,volume_spike,2026-07-17,US,20,3.7579,4.4465,-0.6886
scanner:UNH:volume_spike:2026-07-17,scanner,UNH,volume_spike,2026-07-17,US,20,-5.7171,4.4465,-10.1636
pead:ISRG:entry:2026-07-17,pead,ISRG,entry,2026-07-17,US,20,14.2117,4.4465,9.7652
pead:MRK:entry:2026-08-07,pead,MRK,entry,2026-08-07,US,5,5.6463,0.3983,5.248
pead:CAT:entry:2026-08-07,pead,CAT,entry,2026-08-07,US,5,1.7075,0.3983,1.3091
pead:AMGN:entry:2026-08-07,pead,AMGN,entry,2026-08-07,US,5,1.0366,0.3983,0.6383
pead:PFE:entry:2026-08-07,pead,PFE,entry,2026-08-07,US,5,0.1121,0.3983,-0.2862
pead:BKNG:entry:2026-08-07,pead,BKNG,entry,2026-08-07,US,5,-1.1006,0.3983,-1.499
scanner:GRANGX.ST:big_move:2026-08-07,scanner,GRANGX.ST,big_move,2026-08-07,SE,5,-6.531,-1.1418,-5.3893
scanner:SIVE.ST:big_move:2026-08-07,scanner,SIVE.ST,big_move,2026-08-07,SE,5,2.2277,-1.1418,3.3695
scanner:SPRINT.ST:volume_spike:2026-08-07,scanner,SPRINT.ST,volume_spike,2026-08-07,SE,5,-4.8571,-1.1418,-3.7154
scanner:SINCH.ST:volume_spike:2026-08-07,scanner,SINCH.ST,volume_spike,2026-08-07,SE,5,0.2489,-1.1418,1.3907
scanner:HOFI.ST:volume_spike:2026-08-07,scanner,HOFI.ST,volume_spike,2026-08-07,SE,5,2.2388,-1.1418,3.3806
pead:LLY:entry:2026-08-07,pead,LLY,entry,2026-08-07,US,5,-0.3254,0.3983,-0.7238
pead:UBER:entry:2026-08-07,pead,UBER,entry,2026-08-07,US,5,1.2397,0.3983,0.8414
pead:DIS:entry:2026-08-07,pead,DIS,entry,2026-08-07,US,5,1.8492,0.3983,1.4509
pead:COP:entry:2026-08-07,pead,COP,entry,2026-08-07,US,5,7.797,0.3983,7.3986
exits:GOOGL:ma50_break:2026-08-07,exits,GOOGL,ma50_break,2026-08-07,US,5,-2.3709,0.3983,-2.7692
breakout:GEN:breakout:2026-08-07,breakout,GEN,breakout,2026-08-07,US,5,-2.3654,0.3983,-2.7638
breakout:YUBICO.ST:breakout:2026-08-07,breakout,YUBICO.ST,breakout,2026-08-07,SE,5,7.727,-1.1418,8.8688
scanner:GRANGX.ST:big_move:2026-08-13,scanner,GRANGX.ST,big_move,2026-08-13,SE,1,0.0,-0.2115,0.2115
scanner:NOKIA-SEK.ST:big_move:2026-08-13,scanner,NOKIA-SEK.ST,big_move,2026-08-13,SE,1,-0.9264,-0.2115,-0.7149
scanner:INDU-C.ST:volume_spike:2026-08-13,scanner,INDU-C.ST,volume_spike,2026-08-13,SE,1,-1.181,-0.2115,-0.9695
scanner:MORROW.ST:volume_spike:2026-08-13,scanner,MORROW.ST,volume_spike,2026-08-13,SE,1,1.0,-0.2115,1.2115
scanner:INDU-A.ST:volume_spike:2026-08-13,scanner,INDU-A.ST,volume_spike,2026-08-13,SE,1,-1.2322,-0.2115,-1.0207
scanner:MVIR.ST:volume_spike:2026-08-13,scanner,MVIR.ST,volume_spike,2026-08-13,SE,1,-4.4879,-0.2115,-4.2764
scanner:SPRINT.ST:volume_spike:2026-08-13,scanner,SPRINT.ST,volume_spike,2026-08-13,SE,1,-2.346,-0.2115,-2.1346
scanner:CSCO:volume_spike:2026-08-13,scanner,CSCO,volume_spike,2026-08-13,US,1,-1.5775,-0.198,-1.3795
pead:MER.ST:entry:2026-08-13,pead,MER.ST,entry,2026-08-13,SE,1,1.4589,-0.2115,1.6704
exits:CSCO:ma50_break:2026-08-13,exits,CSCO,ma50_break,2026-08-13,US,1,-1.5775,-0.198,-1.3795
scanner:MVIR.ST:volume_spike:2026-08-14,scanner,MVIR.ST,volume_spike,2026-08-14,SE,1,2.6506,-0.2509,2.9015
scanner:BOOZT.ST:volume_spike:2026-08-14,scanner,BOOZT.ST,volume_spike,2026-08-14,SE,1,-6.012,-0.2509,-5.7611
scanner:GRANGX.ST:big_move:2026-08-14,scanner,GRANGX.ST,big_move,2026-08-14,SE,1,-1.0309,-0.2509,-0.78
scanner:INDU-C.ST:volume_spike:2026-08-14,scanner,INDU-C.ST,volume_spike,2026-08-14,SE,1,0.0,-0.2509,0.2509
scanner:LUMI.ST:volume_spike:2026-08-14,scanner,LUMI.ST,volume_spike,2026-08-14,SE,1,2.1144,-0.2509,2.3654
scanner:SPRINT.ST:volume_spike:2026-08-14,scanner,SPRINT.ST,volume_spike,2026-08-14,SE,1,1.2012,-0.2509,1.4521
scanner:SINCH.ST:volume_spike:2026-08-14,scanner,SINCH.ST,volume_spike,2026-08-14,SE,1,-2.0316,-0.2509,-1.7807
scanner:MORROW.ST:volume_spike:2026-08-14,scanner,MORROW.ST,volume_spike,2026-08-14,SE,1,-2.6874,-0.2509,-2.4365
scanner:INDU-A.ST:volume_spike:2026-08-14,scanner,INDU-A.ST,volume_spike,2026-08-14,SE,1,0.096,-0.2509,0.3469
scanner:CSCO:volume_spike:2026-08-14,scanner,CSCO,volume_spike,2026-08-14,US,1,1.0924,-0.4727,1.5651
pead:BTS-B.ST:entry:2026-08-14,pead,BTS-B.ST,entry,2026-08-14,SE,1,0.4353,-0.2509,0.6862
pead:EMBRAC-B.ST:entry:2026-08-14,pead,EMBRAC-B.ST,entry,2026-08-14,SE,1,-2.3103,-0.2509,-2.0594
pead:HAYPP.ST:entry:2026-08-14,pead,HAYPP.ST,entry,2026-08-14,SE,1,-4.1835,-0.2509,-3.9326
pead:NYAB.ST:entry:2026-08-14,pead,NYAB.ST,entry,2026-08-14,SE,1,2.9141,-0.2509,3.165
pead:VISC.ST:entry:2026-08-14,pead,VISC.ST,entry,2026-08-14,SE,1,1.4019,-0.2509,1.6528
exits:INDU-A.ST:ma50_break:2026-08-14,exits,INDU-A.ST,ma50_break,2026-08-14,SE,1,0.096,-0.2509,0.3469
exits:INDU-C.ST:ma50_break:2026-08-14,exits,INDU-C.ST,ma50_break,2026-08-14,SE,1,0.0,-0.2509,0.2509
exits:LUMI.ST:ma50_break:2026-08-14,exits,LUMI.ST,ma50_break,2026-08-14,SE,1,2.1144,-0.2509,2.3654
exits:MVIR.ST:ma50_break:2026-08-14,exits,MVIR.ST,ma50_break,2026-08-14,SE,1,2.6506,-0.2509,2.9015
scanner:GRANGX.ST:big_move:2026-08-10,scanner,GRANGX.ST,big_move,2026-08-10,SE,5,-5.6769,-1.188,-4.4889
scanner:SIVE.ST:big_move:2026-08-10,scanner,SIVE.ST,big_move,2026-08-10,SE,5,-6.7062,-1.188,-5.5182
scanner:SIVE.ST:volume_spike:2026-08-10,scanner,SIVE.ST,volume_spike,2026-08-10,SE,5,-6.7062,-1.188,-5.5182
scanner:SPRINT.ST:volume_spike:2026-08-10,scanner,SPRINT.ST,volume_spike,2026-08-10,SE,5,-2.0349,-1.188,-0.8469
scanner:SINCH.ST:volume_spike:2026-08-10,scanner,SINCH.ST,volume_spike,2026-08-10,SE,5,-0.868,-1.188,0.32
scanner:AAPL:volume_spike:2026-08-10,scanner,AAPL,volume_spike,2026-08-10,US,5,-0.8662,-0.0466,-0.8196
scanner:CSCO:volume_spike:2026-08-10,scanner,CSCO,volume_spike,2026-08-10,US,5,-7.8894,-0.0466,-7.8428
pead:BRK-B:entry:2026-08-10,pead,BRK-B,entry,2026-08-10,US,5,-5.8913,-0.0466,-5.8448
pead:YUBICO.ST:entry:2026-08-10,pead,YUBICO.ST,entry,2026-08-10,SE,5,9.5048,-1.188,10.6928
exits:ACAST.ST:ma50_break:2026-08-10,exits,ACAST.ST,ma50_break,2026-08-10,SE,5,-0.9695,-1.188,0.2185
exits:ACCON.ST:ma50_break:2026-08-10,exits,ACCON.ST,ma50_break,2026-08-10,SE,5,-4.0142,-1.188,-2.8262
exits:AMD:ma50_break:2026-08-10,exits,AMD,ma50_break,2026-08-10,US,5,7.7605,-0.0466,7.807
exits:CAT:ma50_break:2026-08-10,exits,CAT,ma50_break,2026-08-10,US,5,5.2616,-0.0466,5.3082
exits:CHEF.ST:ma50_break:2026-08-10,exits,CHEF.ST,ma50_break,2026-08-10,SE,5,1.1345,-1.188,2.3225
exits:GS:ma50_break:2026-08-10,exits,GS,ma50_break,2026-08-10,US,5,1.624,-0.0466,1.6705
exits:HTRO.ST:ma50_break:2026-08-10,exits,HTRO.ST,ma50_break,2026-08-10,SE,5,5.2051,-1.188,6.3931
exits:INSTAL.ST:ma50_break:2026-08-10,exits,INSTAL.ST,ma50_break,2026-08-10,SE,5,0.4926,-1.188,1.6806
exits:NOKIA-SEK.ST:ma50_break:2026-08-10,exits,NOKIA-SEK.ST,ma50_break,2026-08-10,SE,5,19.4961,-1.188,20.6841
exits:SIVE.ST:ma50_break:2026-08-10,exits,SIVE.ST,ma50_break,2026-08-10,SE,5,-6.7062,-1.188,-5.5182
exits:SOBI.ST:ma50_break:2026-08-10,exits,SOBI.ST,ma50_break,2026-08-10,SE,5,1.643,-1.188,2.831
exits:SPRINT.ST:ma50_break:2026-08-10,exits,SPRINT.ST,ma50_break,2026-08-10,SE,5,-2.0349,-1.188,-0.8469
exits:TXN:ma50_break:2026-08-10,exits,TXN,ma50_break,2026-08-10,US,5,0.8808,-0.0466,0.9273
exits:UNH:ma50_break:2026-08-10,exits,UNH,ma50_break,2026-08-10,US,5,-3.2099,-0.0466,-3.1633
scanner:GRANGX.ST:big_move:2026-08-11,scanner,GRANGX.ST,big_move,2026-08-11,SE,5,-9.6808,-1.5872,-8.0936
scanner:SIVE.ST:big_move:2026-08-11,scanner,SIVE.ST,big_move,2026-08-11,SE,5,-11.6827,-1.5872,-10.0955
scanner:MORROW.ST:volume_spike:2026-08-11,scanner,MORROW.ST,volume_spike,2026-08-11,SE,5,2.2489,-1.5872,3.8361
exits:GOOGL:ma50_break:2026-08-11,exits,GOOGL,ma50_break,2026-08-11,US,5,0.1164,-0.4036,0.52
exits:MS:ma50_break:2026-08-11,exits,MS,ma50_break,2026-08-11,US,5,1.1531,-0.4036,1.5567
scanner:EVO.ST:volume_spike:2026-08-17,scanner,EVO.ST,volume_spike,2026-08-17,SE,1,-0.838,-0.6622,-0.1758
scanner:SIVE.ST:volume_spike:2026-08-17,scanner,SIVE.ST,volume_spike,2026-08-17,SE,1,-10.1711,-0.6622,-9.5089
scanner:BOOZT.ST:volume_spike:2026-08-17,scanner,BOOZT.ST,volume_spike,2026-08-17,SE,1,1.7058,-0.6622,2.368
scanner:SPRINT.ST:volume_spike:2026-08-17,scanner,SPRINT.ST,volume_spike,2026-08-17,SE,1,-1.7804,-0.6622,-1.1182
scanner:MORROW.ST:volume_spike:2026-08-17,scanner,MORROW.ST,volume_spike,2026-08-17,SE,1,-0.8721,-0.6622,-0.2099
pead:KJELL.ST:entry:2026-08-17,pead,KJELL.ST,entry,2026-08-17,SE,1,-2.7972,-0.6622,-2.135
exits:ACAST.ST:ma50_break:2026-08-17,exits,ACAST.ST,ma50_break,2026-08-17,SE,1,0.4196,-0.6622,1.0818
exits:ACCON.ST:ma50_break:2026-08-17,exits,ACCON.ST,ma50_break,2026-08-17,SE,1,-1.353,-0.6622,-0.6908
exits:AMD:ma50_break:2026-08-17,exits,AMD,ma50_break,2026-08-17,US,1,-4.2707,-0.6756,-3.5952
exits:BOOZT.ST:ma50_break:2026-08-17,exits,BOOZT.ST,ma50_break,2026-08-17,SE,1,1.7058,-0.6622,2.368
exits:CAT:ma50_break:2026-08-17,exits,CAT,ma50_break,2026-08-17,US,1,-4.6254,-0.6756,-3.9498
exits:CSCO:ma50_break:2026-08-17,exits,CSCO,ma50_break,2026-08-17,US,1,-1.1426,-0.6756,-0.467
exits:GOOGL:ma50_break:2026-08-17,exits,GOOGL,ma50_break,2026-08-17,US,1,0.0581,-0.6756,0.7337
exits:GS:ma50_break:2026-08-17,exits,GS,ma50_break,2026-08-17,US,1,-1.0311,-0.6756,-0.3555
exits:INDU-A.ST:ma50_break:2026-08-17,exits,INDU-A.ST,ma50_break,2026-08-17,SE,1,-0.1918,-0.6622,0.4705
exits:INDU-C.ST:ma50_break:2026-08-17,exits,INDU-C.ST,ma50_break,2026-08-17,SE,1,-0.1156,-0.6622,0.5466
exits:INSTAL.ST:ma50_break:2026-08-17,exits,INSTAL.ST,ma50_break,2026-08-17,SE,1,-2.0697,-0.6622,-1.4075
exits:MVIR.ST:ma50_break:2026-08-17,exits,MVIR.ST,ma50_break,2026-08-17,SE,1,-2.8169,-0.6622,-2.1547
exits:NOKIA-SEK.ST:ma50_break:2026-08-17,exits,NOKIA-SEK.ST,ma50_break,2026-08-17,SE,1,-6.7047,-0.6622,-6.0424
exits:SIVE.ST:ma50_break:2026-08-17,exits,SIVE.ST,ma50_break,2026-08-17,SE,1,-10.1711,-0.6622,-9.5089
exits:SPRINT.ST:ma50_break:2026-08-17,exits,SPRINT.ST,ma50_break,2026-08-17,SE,1,-1.7804,-0.6622,-1.1182
exits:TXN:ma50_break:2026-08-17,exits,TXN,ma50_break,2026-08-17,US,1,-3.7715,-0.6756,-3.0959
exits:UNH:ma50_break:2026-08-17,exits,UNH,ma50_break,2026-08-17,US,1,-0.4272,-0.6756,0.2484
scanner:ACCON.ST:volume_spike:2026-07-20,scanner,ACCON.ST,volume_spike,2026-07-20,SE,20,3.3505,3.5313,-0.1807
scanner:EVO.ST:volume_spike:2026-07-20,scanner,EVO.ST,volume_spike,2026-07-20,SE,20,9.3225,3.5313,5.7912
scanner:AMD:volume_spike:2026-07-20,scanner,AMD,volume_spike,2026-07-20,US,20,0.4826,4.1208,-3.6382
breakout:ALLEI.ST:breakout:2026-07-20,breakout,ALLEI.ST,breakout,2026-07-20,SE,20,8.1308,3.5313,4.5996
breakout:KARNEL-B.ST:breakout:2026-07-20,breakout,KARNEL-B.ST,breakout,2026-07-20,SE,20,0.0,3.5313,-3.5313
scanner:GRANGX.ST:big_move:2026-08-12,scanner,GRANGX.ST,big_move,2026-08-12,SE,5,-6.7982,-1.4456,-5.3527
scanner:NOKIA-SEK.ST:volume_spike:2026-08-12,scanner,NOKIA-SEK.ST,volume_spike,2026-08-12,SE,5,-1.0683,-1.4456,0.3773
scanner:SIVE.ST:big_move:2026-08-12,scanner,SIVE.ST,big_move,2026-08-12,SE,5,-14.4873,-1.4456,-13.0417
scanner:SPRINT.ST:volume_spike:2026-08-12,scanner,SPRINT.ST,volume_spike,2026-08-12,SE,5,1.8576,-1.4456,3.3032
breakout:SEYE.ST:breakout:2026-08-12,breakout,SEYE.ST,breakout,2026-08-12,SE,5,-1.7241,-1.4456,-0.2786
scanner:BOOZT.ST:big_move:2026-08-18,scanner,BOOZT.ST,big_move,2026-08-18,SE,1,1.6771,-0.0265,1.7036
scanner:SIVE.ST:big_move:2026-08-18,scanner,SIVE.ST,big_move,2026-08-18,SE,1,-1.0343,-0.0265,-1.0078
scanner:BOOZT.ST:volume_spike:2026-08-18,scanner,BOOZT.ST,volume_spike,2026-08-18,SE,1,1.6771,-0.0265,1.7036
scanner:MORROW.ST:volume_spike:2026-08-18,scanner,MORROW.ST,volume_spike,2026-08-18,SE,1,2.6393,-0.0265,2.6658
scanner:NOKIA-SEK.ST:big_move:2026-08-18,scanner,NOKIA-SEK.ST,big_move,2026-08-18,SE,1,-0.0814,-0.0265,-0.0549
scanner:AMD:big_move:2026-08-18,scanner,AMD,big_move,2026-08-18,US,1,-3.7098,0.2098,-3.9196
exits:LUMI.ST:ma50_break:2026-08-18,exits,LUMI.ST,ma50_break,2026-08-18,SE,1,1.0766,-0.0265,1.1031
scanner:HTRO.ST:big_move:2026-07-21,scanner,HTRO.ST,big_move,2026-07-21,SE,20,-0.4442,3.1252,-3.5694
scanner:ACCON.ST:big_move:2026-07-21,scanner,ACCON.ST,big_move,2026-07-21,SE,20,-1.5951,3.1252,-4.7203
scanner:BOL.ST:volume_spike:2026-07-21,scanner,BOL.ST,volume_spike,2026-07-21,SE,20,8.6829,3.1252,5.5577
scanner:SIVE.ST:big_move:2026-07-21,scanner,SIVE.ST,big_move,2026-07-21,SE,20,-10.3465,3.1252,-13.4717
scanner:SPRINT.ST:volume_spike:2026-07-21,scanner,SPRINT.ST,volume_spike,2026-07-21,SE,20,-7.7994,3.1252,-10.9247
scanner:EPIS-B.ST:big_move:2026-07-21,scanner,EPIS-B.ST,big_move,2026-07-21,SE,20,3.2759,3.1252,0.1507
scanner:AMD:big_move:2026-07-21,scanner,AMD,big_move,2026-07-21,US,20,-11.028,2.5619,-13.5899
pead:ALLEI.ST:entry:2026-07-21,pead,ALLEI.ST,entry,2026-07-21,SE,20,7.6279,3.1252,4.5027
pead:BILL.ST:entry:2026-07-21,pead,BILL.ST,entry,2026-07-21,SE,20,7.7698,3.1252,4.6446
pead:BYGGP.ST:entry:2026-07-21,pead,BYGGP.ST,entry,2026-07-21,SE,20,-16.6292,3.1252,-19.7544
pead:CEVI.ST:entry:2026-07-21,pead,CEVI.ST,entry,2026-07-21,SE,20,6.9061,3.1252,3.7809
pead:ENGCON-B.ST:entry:2026-07-21,pead,ENGCON-B.ST,entry,2026-07-21,SE,20,-8.7021,3.1252,-11.8273
pead:GETI-B.ST:entry:2026-07-21,pead,GETI-B.ST,entry,2026-07-21,SE,20,3.4394,3.1252,0.3142
pead:HEM.ST:entry:2026-07-21,pead,HEM.ST,entry,2026-07-21,SE,20,19.5389,3.1252,16.4137
pead:HPOL-B.ST:entry:2026-07-21,pead,HPOL-B.ST,entry,2026-07-21,SE,20,3.5942,3.1252,0.469
pead:INSTAL.ST:entry:2026-07-21,pead,INSTAL.ST,entry,2026-07-21,SE,20,-10.8135,3.1252,-13.9387
pead:KARNEL-B.ST:entry:2026-07-21,pead,KARNEL-B.ST,entry,2026-07-21,SE,20,-0.1105,3.1252,-3.2357
pead:KNOW.ST:entry:2026-07-21,pead,KNOW.ST,entry,2026-07-21,SE,20,5.0905,3.1252,1.9653
pead:MCAP.ST:entry:2026-07-21,pead,MCAP.ST,entry,2026-07-21,SE,20,-2.2321,3.1252,-5.3574
pead:MMGR-B.ST:entry:2026-07-21,pead,MMGR-B.ST,entry,2026-07-21,SE,20,-4.5144,3.1252,-7.6396
pead:MTG-B.ST:entry:2026-07-21,pead,MTG-B.ST,entry,2026-07-21,SE,20,4.2064,3.1252,1.0811
pead:MTRS.ST:entry:2026-07-21,pead,MTRS.ST,entry,2026-07-21,SE,20,-1.2603,3.1252,-4.3855
pead:NOBI.ST:entry:2026-07-21,pead,NOBI.ST,entry,2026-07-21,SE,20,0.8158,3.1252,-2.3094
pead:RUG.ST:entry:2026-07-21,pead,RUG.ST,entry,2026-07-21,SE,20,-6.8452,3.1252,-9.9704
pead:SAAB-B.ST:entry:2026-07-21,pead,SAAB-B.ST,entry,2026-07-21,SE,20,19.4859,3.1252,16.3607
pead:TRUE-B.ST:entry:2026-07-21,pead,TRUE-B.ST,entry,2026-07-21,SE,20,17.6664,3.1252,14.5412
pead:VIMIAN.ST:entry:2026-07-21,pead,VIMIAN.ST,entry,2026-07-21,SE,20,3.5556,3.1252,0.4303
pead:VPLAY-B.ST:entry:2026-07-21,pead,VPLAY-B.ST,entry,2026-07-21,SE,20,5.418,3.1252,2.2927
breakout:MILDEF.ST:breakout:2026-07-21,breakout,MILDEF.ST,breakout,2026-07-21,SE,20,2.9108,3.1252,-0.2144
breakout:MTG-B.ST:breakout:2026-07-21,breakout,MTG-B.ST,breakout,2026-07-21,SE,20,4.2064,3.1252,1.0811
scanner:GRANGX.ST:big_move:2026-08-13,scanner,GRANGX.ST,big_move,2026-08-13,SE,5,-6.071,-0.7049,-5.3662
scanner:NOKIA-SEK.ST:big_move:2026-08-13,scanner,NOKIA-SEK.ST,big_move,2026-08-13,SE,5,-5.1975,-0.7049,-4.4926
scanner:INDU-C.ST:volume_spike:2026-08-13,scanner,INDU-C.ST,volume_spike,2026-08-13,SE,5,-1.3714,-0.7049,-0.6666
scanner:MORROW.ST:volume_spike:2026-08-13,scanner,MORROW.ST,volume_spike,2026-08-13,SE,5,1.7143,-0.7049,2.4191
scanner:INDU-A.ST:volume_spike:2026-08-13,scanner,INDU-A.ST,volume_spike,2026-08-13,SE,5,-1.2322,-0.7049,-0.5274
scanner:MVIR.ST:volume_spike:2026-08-13,scanner,MVIR.ST,volume_spike,2026-08-13,SE,5,7.0196,-0.7049,7.7244
scanner:SPRINT.ST:volume_spike:2026-08-13,scanner,SPRINT.ST,volume_spike,2026-08-13,SE,5,-11.7302,-0.7049,-11.0253
scanner:CSCO:volume_spike:2026-08-13,scanner,CSCO,volume_spike,2026-08-13,US,5,-3.4194,-1.9643,-1.4551
pead:MER.ST:entry:2026-08-13,pead,MER.ST,entry,2026-08-13,SE,5,0.9098,-0.7049,1.6146
exits:CSCO:ma50_break:2026-08-13,exits,CSCO,ma50_break,2026-08-13,US,5,-3.4194,-1.9643,-1.4551
scanner:NOKIA-SEK.ST:big_move:2026-08-19,scanner,NOKIA-SEK.ST,big_move,2026-08-19,SE,1,-0.9576,0.4476,-1.4052
scanner:SIVE.ST:big_move:2026-08-19,scanner,SIVE.ST,big_move,2026-08-19,SE,1,-3.4103,0.4476,-3.858
scanner:SIVE.ST:volume_spike:2026-08-19,scanner,SIVE.ST,volume_spike,2026-08-19,SE,1,-3.4103,0.4476,-3.858
scanner:MRK:volume_spike:2026-08-19,scanner,MRK,volume_spike,2026-08-19,US,1,-2.1091,-0.84,-1.2691
scanner:LLY:volume_spike:2026-08-19,scanner,LLY,volume_spike,2026-08-19,US,1,-2.8071,-0.84,-1.9671
pead:AMBEA.ST:entry:2026-08-19,pead,AMBEA.ST,entry,2026-08-19,SE,1,3.8578,0.4476,3.4101
pead:BICO.ST:entry:2026-08-19,pead,BICO.ST,entry,2026-08-19,SE,1,2.1187,0.4476,1.671
pead:SUS.ST:entry:2026-08-19,pead,SUS.ST,entry,2026-08-19,SE,1,1.1075,0.4476,0.6598
exits:CHEF.ST:ma50_break:2026-08-19,exits,CHEF.ST,ma50_break,2026-08-19,SE,1,-2.9079,0.4476,-3.3555
exits:HTRO.ST:ma50_break:2026-08-19,exits,HTRO.ST,ma50_break,2026-08-19,SE,1,-0.9588,0.4476,-1.4064
exits:MS:ma50_break:2026-08-19,exits,MS,ma50_break,2026-08-19,US,1,-3.1648,-0.84,-2.3248
exits:MYCR.ST:ma50_break:2026-08-19,exits,MYCR.ST,ma50_break,2026-08-19,SE,1,0.6365,0.4476,0.1889
breakout:HUM.ST:breakout:2026-08-19,breakout,HUM.ST,breakout,2026-08-19,SE,1,3.1792,0.4476,2.7316
breakout:SYNACT.ST:breakout:2026-08-19,breakout,SYNACT.ST,breakout,2026-08-19,SE,1,-9.9301,0.4476,-10.3777
scanner:SIVE.ST:big_move:2026-07-22,scanner,SIVE.ST,big_move,2026-07-22,SE,20,-3.7076,1.8107,-5.5183
scanner:SINCH.ST:big_move:2026-07-22,scanner,SINCH.ST,big_move,2026-07-22,SE,20,16.0941,1.8107,14.2834
scanner:NCAB.ST:big_move:2026-07-22,scanner,NCAB.ST,big_move,2026-07-22,SE,20,-9.3112,1.8107,-11.1219
scanner:NCAB.ST:volume_spike:2026-07-22,scanner,NCAB.ST,volume_spike,2026-07-22,SE,20,-9.3112,1.8107,-11.1219
scanner:SSAB-A.ST:volume_spike:2026-07-22,scanner,SSAB-A.ST,volume_spike,2026-07-22,SE,20,6.9076,1.8107,5.0969
scanner:SINCH.ST:volume_spike:2026-07-22,scanner,SINCH.ST,volume_spike,2026-07-22,SE,20,16.0941,1.8107,14.2834
scanner:SOBI.ST:volume_spike:2026-07-22,scanner,SOBI.ST,volume_spike,2026-07-22,SE,20,0.5181,1.8107,-1.2925
pead:GOOGL:entry:2026-07-22,pead,GOOGL,entry,2026-07-22,US,20,0.7688,2.8967,-2.1279
scanner:SIVE.ST:big_move:2026-07-23,scanner,SIVE.ST,big_move,2026-07-23,SE,20,4.3375,2.8806,1.4569
scanner:SPRINT.ST:volume_spike:2026-07-23,scanner,SPRINT.ST,volume_spike,2026-07-23,SE,20,-19.7333,2.8806,-22.6139
scanner:NCAB.ST:volume_spike:2026-07-23,scanner,NCAB.ST,volume_spike,2026-07-23,SE,20,-9.7561,2.8806,-12.6366
scanner:ACAST.ST:volume_spike:2026-07-23,scanner,ACAST.ST,volume_spike,2026-07-23,SE,20,-2.9491,2.8806,-5.8296
scanner:NOKIA-SEK.ST:volume_spike:2026-07-23,scanner,NOKIA-SEK.ST,volume_spike,2026-07-23,SE,20,0.5404,2.8806,-2.3401
scanner:GOOGL:volume_spike:2026-07-23,scanner,GOOGL,volume_spike,2026-07-23,US,20,7.2335,3.3081,3.9253
scanner:TXN:volume_spike:2026-07-23,scanner,TXN,volume_spike,2026-07-23,US,20,-6.3266,3.3081,-9.6347
pead:TMO:entry:2026-07-23,pead,TMO,entry,2026-07-23,US,20,9.6502,3.3081,6.3421
pead:TXN:entry:2026-07-23,pead,TXN,entry,2026-07-23,US,20,-6.3266,3.3081,-9.6347
pead:NOW:entry:2026-07-23,pead,NOW,entry,2026-07-23,US,20,41.1246,3.3081,37.8165
pead:RTX:entry:2026-07-23,pead,RTX,entry,2026-07-23,US,20,1.8336,3.3081,-1.4745
pead:HON:entry:2026-07-23,pead,HON,entry,2026-07-23,US,20,-11.0833,3.3081,-14.3915
pead:UNP:entry:2026-07-23,pead,UNP,entry,2026-07-23,US,20,-0.1183,3.3081,-3.4264
pead:8TRA.ST:entry:2026-07-23,pead,8TRA.ST,entry,2026-07-23,SE,20,-8.7191,2.8806,-11.5997
pead:DYVOX.ST:entry:2026-07-23,pead,DYVOX.ST,entry,2026-07-23,SE,20,5.8537,2.8806,2.9731
pead:HANZA.ST:entry:2026-07-23,pead,HANZA.ST,entry,2026-07-23,SE,20,-9.9174,2.8806,-12.7979
pead:UPSALE.ST:entry:2026-07-23,pead,UPSALE.ST,entry,2026-07-23,SE,20,-1.3841,2.8806,-4.2646
breakout:URI:breakout:2026-07-23,breakout,URI,breakout,2026-07-23,US,20,-3.7343,3.3081,-7.0424
scanner:SIVE.ST:big_move:2026-07-24,scanner,SIVE.ST,big_move,2026-07-24,SE,20,16.539,2.8978,13.6411
scanner:NOKIA-SEK.ST:big_move:2026-07-24,scanner,NOKIA-SEK.ST,big_move,2026-07-24,SE,20,6.605,2.8978,3.7072
scanner:NOKIA-SEK.ST:volume_spike:2026-07-24,scanner,NOKIA-SEK.ST,volume_spike,2026-07-24,SE,20,6.605,2.8978,3.7072
scanner:HOFI.ST:volume_spike:2026-07-24,scanner,HOFI.ST,volume_spike,2026-07-24,SE,20,1.7341,2.8978,-1.1637
scanner:ORRON.ST:volume_spike:2026-07-24,scanner,ORRON.ST,volume_spike,2026-07-24,SE,20,-8.5639,2.8978,-11.4617
scanner:ACAST.ST:volume_spike:2026-07-24,scanner,ACAST.ST,volume_spike,2026-07-24,SE,20,-0.8219,2.8978,-3.7198
scanner:SSAB-A.ST:volume_spike:2026-07-24,scanner,SSAB-A.ST,volume_spike,2026-07-24,SE,20,-3.5341,2.8978,-6.4319
pead:VZ:entry:2026-07-24,pead,VZ,entry,2026-07-24,US,20,6.6192,3.6255,2.9937
breakout:IP:breakout:2026-07-24,breakout,IP,breakout,2026-07-24,US,20,-0.4685,3.6255,-4.094
scanner:MVIR.ST:volume_spike:2026-08-14,scanner,MVIR.ST,volume_spike,2026-08-14,SE,5,14.4578,0.5442,13.9136
scanner:BOOZT.ST:volume_spike:2026-08-14,scanner,BOOZT.ST,volume_spike,2026-08-14,SE,5,1.4028,0.5442,0.8586
scanner:GRANGX.ST:big_move:2026-08-14,scanner,GRANGX.ST,big_move,2026-08-14,SE,5,-2.1077,0.5442,-2.6519
scanner:INDU-C.ST:volume_spike:2026-08-14,scanner,INDU-C.ST,volume_spike,2026-08-14,SE,5,1.7733,0.5442,1.2291
scanner:LUMI.ST:volume_spike:2026-08-14,scanner,LUMI.ST,volume_spike,2026-08-14,SE,5,8.2504,0.5442,7.7062
scanner:SPRINT.ST:volume_spike:2026-08-14,scanner,SPRINT.ST,volume_spike,2026-08-14,SE,5,-4.8048,0.5442,-5.349
scanner:SINCH.ST:volume_spike:2026-08-14,scanner,SINCH.ST,volume_spike,2026-08-14,SE,5,1.9865,0.5442,1.4423
scanner:MORROW.ST:volume_spike:2026-08-14,scanner,MORROW.ST,volume_spike,2026-08-14,SE,5,0.4243,0.5442,-0.1199
scanner:INDU-A.ST:volume_spike:2026-08-14,scanner,INDU-A.ST,volume_spike,2026-08-14,SE,5,2.0154,0.5442,1.4712
scanner:CSCO:volume_spike:2026-08-14,scanner,CSCO,volume_spike,2026-08-14,US,5,-0.5731,-1.368,0.7949
pead:BTS-B.ST:entry:2026-08-14,pead,BTS-B.ST,entry,2026-08-14,SE,5,-0.1088,0.5442,-0.653
pead:EMBRAC-B.ST:entry:2026-08-14,pead,EMBRAC-B.ST,entry,2026-08-14,SE,5,-1.4702,0.5442,-2.0144
pead:HAYPP.ST:entry:2026-08-14,pead,HAYPP.ST,entry,2026-08-14,SE,5,-3.7787,0.5442,-4.3229
pead:NYAB.ST:entry:2026-08-14,pead,NYAB.ST,entry,2026-08-14,SE,5,5.9816,0.5442,5.4374
pead:VISC.ST:entry:2026-08-14,pead,VISC.ST,entry,2026-08-14,SE,5,2.8037,0.5442,2.2595
exits:INDU-A.ST:ma50_break:2026-08-14,exits,INDU-A.ST,ma50_break,2026-08-14,SE,5,2.0154,0.5442,1.4712
exits:INDU-C.ST:ma50_break:2026-08-14,exits,INDU-C.ST,ma50_break,2026-08-14,SE,5,1.7733,0.5442,1.2291
exits:LUMI.ST:ma50_break:2026-08-14,exits,LUMI.ST,ma50_break,2026-08-14,SE,5,8.2504,0.5442,7.7062
exits:MVIR.ST:ma50_break:2026-08-14,exits,MVIR.ST,ma50_break,2026-08-14,SE,5,14.4578,0.5442,13.9136
scanner:GRANGX.ST:big_move:2026-08-20,scanner,GRANGX.ST,big_move,2026-08-20,SE,1,1.9512,1.0438,0.9074
scanner:ACCON.ST:volume_spike:2026-08-20,scanner,ACCON.ST,volume_spike,2026-08-20,SE,1,0.5848,1.0438,-0.459
scanner:SSAB-B.ST:volume_spike:2026-08-20,scanner,SSAB-B.ST,volume_spike,2026-08-20,SE,1,2.46,1.0438,1.4163
scanner:SSAB-A.ST:volume_spike:2026-08-20,scanner,SSAB-A.ST,volume_spike,2026-08-20,SE,1,2.5397,1.0438,1.4959
scanner:HTRO.ST:big_move:2026-08-20,scanner,HTRO.ST,big_move,2026-08-20,SE,1,2.4071,1.0438,1.3633
scanner:MVIR.ST:volume_spike:2026-08-20,scanner,MVIR.ST,volume_spike,2026-08-20,SE,1,2.1505,1.0438,1.1067
scanner:BOOZT.ST:volume_spike:2026-08-20,scanner,BOOZT.ST,volume_spike,2026-08-20,SE,1,2.0847,1.0438,1.041
scanner:SPRINT.ST:volume_spike:2026-08-20,scanner,SPRINT.ST,volume_spike,2026-08-20,SE,1,5.3156,1.0438,4.2718
scanner:MORROW.ST:volume_spike:2026-08-20,scanner,MORROW.ST,volume_spike,2026-08-20,SE,1,-0.2809,1.0438,-1.3247
scanner:MRK:volume_spike:2026-08-20,scanner,MRK,volume_spike,2026-08-20,US,1,2.3894,0.4091,1.9803
pead:WMT:entry:2026-08-20,pead,WMT,entry,2026-08-20,US,1,0.1043,0.4091,-0.3049
pead:ACE.ST:entry:2026-08-20,pead,ACE.ST,entry,2026-08-20,SE,1,3.3898,1.0438,2.3461
pead:CANTA.ST:entry:2026-08-20,pead,CANTA.ST,entry,2026-08-20,SE,1,12.8649,1.0438,11.8211
pead:KAR.ST:entry:2026-08-20,pead,KAR.ST,entry,2026-08-20,SE,1,5.0,1.0438,3.9562
pead:MVIR.ST:entry:2026-08-20,pead,MVIR.ST,entry,2026-08-20,SE,1,2.1505,1.0438,1.1067
exits:ACCON.ST:drawdown:2026-08-20,exits,ACCON.ST,drawdown,2026-08-20,SE,1,0.5848,1.0438,-0.459
exits:SSAB-A.ST:ma50_break:2026-08-20,exits,SSAB-A.ST,ma50_break,2026-08-20,SE,1,2.5397,1.0438,1.4959
exits:SSAB-B.ST:ma50_break:2026-08-20,exits,SSAB-B.ST,ma50_break,2026-08-20,SE,1,2.46,1.0438,1.4163
breakout:HUM.ST:breakout:2026-08-20,breakout,HUM.ST,breakout,2026-08-20,SE,1,1.6807,1.0438,0.6369
scanner:SSAB-B.ST:big_move:2026-08-21,scanner,SSAB-B.ST,big_move,2026-08-21,SE,1,2.6062,-0.0455,2.6517
scanner:SPRINT.ST:big_move:2026-08-21,scanner,SPRINT.ST,big_move,2026-08-21,SE,1,-0.6309,-0.0455,-0.5855
scanner:SSAB-A.ST:big_move:2026-08-21,scanner,SSAB-A.ST,big_move,2026-08-21,SE,1,2.6832,-0.0455,2.7286
scanner:MVIR.ST:big_move:2026-08-21,scanner,MVIR.ST,big_move,2026-08-21,SE,1,-6.1053,-0.0455,-6.0598
scanner:SPRINT.ST:volume_spike:2026-08-21,scanner,SPRINT.ST,volume_spike,2026-08-21,SE,1,-0.6309,-0.0455,-0.5855
scanner:SSAB-A.ST:volume_spike:2026-08-21,scanner,SSAB-A.ST,volume_spike,2026-08-21,SE,1,2.6832,-0.0455,2.7286
scanner:LUMI.ST:volume_spike:2026-08-21,scanner,LUMI.ST,volume_spike,2026-08-21,SE,1,-0.1532,-0.0455,-0.1077
scanner:MVIR.ST:volume_spike:2026-08-21,scanner,MVIR.ST,volume_spike,2026-08-21,SE,1,-6.1053,-0.0455,-6.0598
scanner:ACCON.ST:volume_spike:2026-08-21,scanner,ACCON.ST,volume_spike,2026-08-21,SE,1,-0.6977,-0.0455,-0.6522
scanner:SSAB-B.ST:volume_spike:2026-08-21,scanner,SSAB-B.ST,volume_spike,2026-08-21,SE,1,2.6062,-0.0455,2.6517
scanner:SIVE.ST:big_move:2026-08-21,scanner,SIVE.ST,big_move,2026-08-21,SE,1,-11.6164,-0.0455,-11.571
pead:EGTX.ST:entry:2026-08-21,pead,EGTX.ST,entry,2026-08-21,SE,1,2.4557,-0.0455,2.5011
pead:NIBE-B.ST:entry:2026-08-21,pead,NIBE-B.ST,entry,2026-08-21,SE,1,0.1191,-0.0455,0.1645
pead:SYNSAM.ST:entry:2026-08-21,pead,SYNSAM.ST,entry,2026-08-21,SE,1,-0.3322,-0.0455,-0.2868
scanner:EVO.ST:volume_spike:2026-08-17,scanner,EVO.ST,volume_spike,2026-08-17,SE,5,4.9771,0.7513,4.2258
scanner:SIVE.ST:volume_spike:2026-08-17,scanner,SIVE.ST,volume_spike,2026-08-17,SE,5,-21.1247,0.7513,-21.876
scanner:BOOZT.ST:volume_spike:2026-08-17,scanner,BOOZT.ST,volume_spike,2026-08-17,SE,5,9.3817,0.7513,8.6304
scanner:SPRINT.ST:volume_spike:2026-08-17,scanner,SPRINT.ST,volume_spike,2026-08-17,SE,5,-6.5282,0.7513,-7.2795
scanner:MORROW.ST:volume_spike:2026-08-17,scanner,MORROW.ST,volume_spike,2026-08-17,SE,5,2.907,0.7513,2.1557
pead:KJELL.ST:entry:2026-08-17,pead,KJELL.ST,entry,2026-08-17,SE,5,6.2937,0.7513,5.5424
exits:ACAST.ST:ma50_break:2026-08-17,exits,ACAST.ST,ma50_break,2026-08-17,SE,5,-1.3986,0.7513,-2.1499
exits:ACCON.ST:ma50_break:2026-08-17,exits,ACCON.ST,ma50_break,2026-08-17,SE,5,5.043,0.7513,4.2917
exits:AMD:ma50_break:2026-08-17,exits,AMD,ma50_break,2026-08-17,US,5,-9.7332,-1.1907,-8.5425
exits:BOOZT.ST:ma50_break:2026-08-17,exits,BOOZT.ST,ma50_break,2026-08-17,SE,5,9.3817,0.7513,8.6304
exits:CAT:ma50_break:2026-08-17,exits,CAT,ma50_break,2026-08-17,US,5,-8.0111,-1.1907,-6.8204
exits:CSCO:ma50_break:2026-08-17,exits,CSCO,ma50_break,2026-08-17,US,5,-2.3649,-1.1907,-1.1742
exits:GOOGL:ma50_break:2026-08-17,exits,GOOGL,ma50_break,2026-08-17,US,5,1.1802,-1.1907,2.3709
exits:GS:ma50_break:2026-08-17,exits,GS,ma50_break,2026-08-17,US,5,-1.4296,-1.1907,-0.239
exits:INDU-A.ST:ma50_break:2026-08-17,exits,INDU-A.ST,ma50_break,2026-08-17,SE,5,2.5887,0.7513,1.8374
exits:INDU-C.ST:ma50_break:2026-08-17,exits,INDU-C.ST,ma50_break,2026-08-17,SE,5,2.3901,0.7513,1.6388
exits:INSTAL.ST:ma50_break:2026-08-17,exits,INSTAL.ST,ma50_break,2026-08-17,SE,5,-0.1089,0.7513,-0.8602
exits:MVIR.ST:ma50_break:2026-08-17,exits,MVIR.ST,ma50_break,2026-08-17,SE,5,4.6948,0.7513,3.9435
exits:NOKIA-SEK.ST:ma50_break:2026-08-17,exits,NOKIA-SEK.ST,ma50_break,2026-08-17,SE,5,-9.7436,0.7513,-10.4949
exits:SIVE.ST:ma50_break:2026-08-17,exits,SIVE.ST,ma50_break,2026-08-17,SE,5,-21.1247,0.7513,-21.876
exits:SPRINT.ST:ma50_break:2026-08-17,exits,SPRINT.ST,ma50_break,2026-08-17,SE,5,-6.5282,0.7513,-7.2795
exits:TXN:ma50_break:2026-08-17,exits,TXN,ma50_break,2026-08-17,US,5,-8.4727,-1.1907,-7.282
exits:UNH:ma50_break:2026-08-17,exits,UNH,ma50_break,2026-08-17,US,5,0.7937,-1.1907,1.9844
scanner:BOOZT.ST:big_move:2026-08-18,scanner,BOOZT.ST,big_move,2026-08-18,SE,5,7.6869,2.268,5.4189
scanner:SIVE.ST:big_move:2026-08-18,scanner,SIVE.ST,big_move,2026-08-18,SE,5,-4.6271,2.268,-6.8951
scanner:BOOZT.ST:volume_spike:2026-08-18,scanner,BOOZT.ST,volume_spike,2026-08-18,SE,5,7.6869,2.268,5.4189
scanner:MORROW.ST:volume_spike:2026-08-18,scanner,MORROW.ST,volume_spike,2026-08-18,SE,5,6.5982,2.268,4.3302
scanner:NOKIA-SEK.ST:big_move:2026-08-18,scanner,NOKIA-SEK.ST,big_move,2026-08-18,SE,5,0.285,2.268,-1.983
scanner:AMD:big_move:2026-08-18,scanner,AMD,big_move,2026-08-18,US,5,-1.0756,-0.2007,-0.8749
exits:LUMI.ST:ma50_break:2026-08-18,exits,LUMI.ST,ma50_break,2026-08-18,SE,5,8.5714,2.268,6.3034
scanner:SSAB-B.ST:volume_spike:2026-08-24,scanner,SSAB-B.ST,volume_spike,2026-08-24,SE,1,1.4,0.8332,0.5668
scanner:SSAB-A.ST:volume_spike:2026-08-24,scanner,SSAB-A.ST,volume_spike,2026-08-24,SE,1,1.206,0.8332,0.3728
scanner:MVIR.ST:volume_spike:2026-08-24,scanner,MVIR.ST,volume_spike,2026-08-24,SE,1,16.5919,0.8332,15.7587
scanner:BOOZT.ST:volume_spike:2026-08-24,scanner,BOOZT.ST,volume_spike,2026-08-24,SE,1,0.13,0.8332,-0.7033
scanner:SPRINT.ST:volume_spike:2026-08-24,scanner,SPRINT.ST,volume_spike,2026-08-24,SE,1,0.0,0.8332,-0.8332
scanner:SWED-A.ST:volume_spike:2026-08-24,scanner,SWED-A.ST,volume_spike,2026-08-24,SE,1,0.2173,0.8332,-0.6159
scanner:SIVE.ST:big_move:2026-08-24,scanner,SIVE.ST,big_move,2026-08-24,SE,1,8.6175,0.8332,7.7843
scanner:HOFI.ST:volume_spike:2026-08-24,scanner,HOFI.ST,volume_spike,2026-08-24,SE,1,1.3876,0.8332,0.5544
pead:EPIS-B.ST:entry:2026-08-24,pead,EPIS-B.ST,entry,2026-08-24,SE,1,-5.509,0.8332,-6.3422
exits:ACAST.ST:ma50_break:2026-08-24,exits,ACAST.ST,ma50_break,2026-08-24,SE,1,1.7021,0.8332,0.8689
exits:ACCON.ST:drawdown:2026-08-24,exits,ACCON.ST,drawdown,2026-08-24,SE,1,0.8197,0.8332,-0.0136
exits:AMD:ma50_break:2026-08-24,exits,AMD,ma50_break,2026-08-24,US,1,4.9108,0.3196,4.5912
exits:CAT:ma50_break:2026-08-24,exits,CAT,ma50_break,2026-08-24,US,1,0.0333,0.3196,-0.2863
exits:CHEF.ST:ma50_break:2026-08-24,exits,CHEF.ST,ma50_break,2026-08-24,SE,1,2.0443,0.8332,1.2111
exits:CSCO:ma50_break:2026-08-24,exits,CSCO,ma50_break,2026-08-24,US,1,0.7983,0.3196,0.4787
exits:GOOGL:ma50_break:2026-08-24,exits,GOOGL,ma50_break,2026-08-24,US,1,-0.316,0.3196,-0.6356
exits:GS:ma50_break:2026-08-24,exits,GS,ma50_break,2026-08-24,US,1,2.1809,0.3196,1.8613
exits:HTRO.ST:ma50_break:2026-08-24,exits,HTRO.ST,ma50_break,2026-08-24,SE,1,1.4774,0.8332,0.6442
exits:INDU-A.ST:ma50_break:2026-08-24,exits,INDU-A.ST,ma50_break,2026-08-24,SE,1,1.215,0.8332,0.3817
exits:INSTAL.ST:ma50_break:2026-08-24,exits,INSTAL.ST,ma50_break,2026-08-24,SE,1,0.8179,0.8332,-0.0153
exits:MS:ma50_break:2026-08-24,exits,MS,ma50_break,2026-08-24,US,1,1.2565,0.3196,0.9369
exits:MYCR.ST:ma50_break:2026-08-24,exits,MYCR.ST,ma50_break,2026-08-24,SE,1,1.8999,0.8332,1.0667
exits:NOKIA-SEK.ST:ma50_break:2026-08-24,exits,NOKIA-SEK.ST,ma50_break,2026-08-24,SE,1,3.6616,0.8332,2.8284
exits:SIVE.ST:ma50_break:2026-08-24,exits,SIVE.ST,ma50_break,2026-08-24,SE,1,8.6175,0.8332,7.7843
exits:SOBI.ST:ma50_break:2026-08-24,exits,SOBI.ST,ma50_break,2026-08-24,SE,1,3.8938,0.8332,3.0606
exits:SPRINT.ST:ma50_break:2026-08-24,exits,SPRINT.ST,ma50_break,2026-08-24,SE,1,0.0,0.8332,-0.8332
exits:SWED-A.ST:ma50_break:2026-08-24,exits,SWED-A.ST,ma50_break,2026-08-24,SE,1,0.2173,0.8332,-0.6159
exits:TXN:ma50_break:2026-08-24,exits,TXN,ma50_break,2026-08-24,US,1,0.4287,0.3196,0.1091
exits:UNH:ma50_break:2026-08-24,exits,UNH,ma50_break,2026-08-24,US,1,-0.5442,0.3196,-0.8638
scanner:EVO.ST:volume_spike:2026-07-27,scanner,EVO.ST,volume_spike,2026-07-27,SE,20,11.4887,2.267,9.2217
scanner:ACAST.ST:volume_spike:2026-07-27,scanner,ACAST.ST,volume_spike,2026-07-27,SE,20,-6.8692,2.267,-9.1362
scanner:HOFI.ST:volume_spike:2026-07-27,scanner,HOFI.ST,volume_spike,2026-07-27,SE,20,1.7891,2.267,-0.4779
scanner:ORRON.ST:volume_spike:2026-07-27,scanner,ORRON.ST,volume_spike,2026-07-27,SE,20,-4.7945,2.267,-7.0615
scanner:MVIR.ST:volume_spike:2026-07-27,scanner,MVIR.ST,volume_spike,2026-07-27,SE,20,-0.6681,2.267,-2.9352
scanner:SIVE.ST:big_move:2026-07-27,scanner,SIVE.ST,big_move,2026-07-27,SE,20,5.0814,2.267,2.8144
scanner:ACCON.ST:big_move:2026-07-27,scanner,ACCON.ST,big_move,2026-07-27,SE,20,4.401,2.267,2.134
scanner:AMD:big_move:2026-07-27,scanner,AMD,big_move,2026-07-27,US,20,-7.718,3.2986,-11.0166
scanner:NVDA:big_move:2026-07-27,scanner,NVDA,big_move,2026-07-27,US,20,6.0913,3.2986,2.7927
pead:SF.ST:entry:2026-07-27,pead,SF.ST,entry,2026-07-27,SE,20,4.72,2.267,2.453
scanner:EVO.ST:big_move:2026-07-28,scanner,EVO.ST,big_move,2026-07-28,SE,20,12.1058,2.9167,9.1891
scanner:SIVE.ST:big_move:2026-07-28,scanner,SIVE.ST,big_move,2026-07-28,SE,20,23.1202,2.9167,20.2035
scanner:MYCR.ST:big_move:2026-07-28,scanner,MYCR.ST,big_move,2026-07-28,SE,20,2.8115,2.9167,-0.1052
scanner:ORRON.ST:volume_spike:2026-07-28,scanner,ORRON.ST,volume_spike,2026-07-28,SE,20,0.9777,2.9167,-1.939
scanner:MYCR.ST:volume_spike:2026-07-28,scanner,MYCR.ST,volume_spike,2026-07-28,SE,20,2.8115,2.9167,-0.1052
scanner:HTRO.ST:big_move:2026-07-28,scanner,HTRO.ST,big_move,2026-07-28,SE,20,6.8213,2.9167,3.9046
scanner:SSAB-A.ST:volume_spike:2026-07-28,scanner,SSAB-A.ST,volume_spike,2026-07-28,SE,20,-1.4195,2.9167,-4.3362
scanner:NCAB.ST:big_move:2026-07-28,scanner,NCAB.ST,big_move,2026-07-28,SE,20,9.3431,2.9167,6.4264
scanner:EPIS-B.ST:big_move:2026-07-28,scanner,EPIS-B.ST,big_move,2026-07-28,SE,20,40.6417,2.9167,37.725
scanner:AMD:volume_spike:2026-07-28,scanner,AMD,volume_spike,2026-07-28,US,20,5.4023,3.3812,2.0211
scanner:CAT:volume_spike:2026-07-28,scanner,CAT,volume_spike,2026-07-28,US,20,-3.5155,3.3812,-6.8967
breakout:IQV:breakout:2026-07-28,breakout,IQV,breakout,2026-07-28,US,20,6.7836,3.3812,3.4024
scanner:NOKIA-SEK.ST:big_move:2026-08-19,scanner,NOKIA-SEK.ST,big_move,2026-08-19,SE,5,-0.1223,2.5442,-2.6665
scanner:SIVE.ST:big_move:2026-08-19,scanner,SIVE.ST,big_move,2026-08-19,SE,5,-2.6403,2.5442,-5.1845
scanner:SIVE.ST:volume_spike:2026-08-19,scanner,SIVE.ST,volume_spike,2026-08-19,SE,5,-2.6403,2.5442,-5.1845
scanner:MRK:volume_spike:2026-08-19,scanner,MRK,volume_spike,2026-08-19,US,5,0.5913,-0.3875,0.9788
scanner:LLY:volume_spike:2026-08-19,scanner,LLY,volume_spike,2026-08-19,US,5,-7.102,-0.3875,-6.7145
pead:AMBEA.ST:entry:2026-08-19,pead,AMBEA.ST,entry,2026-08-19,SE,5,3.918,2.5442,1.3738
pead:BICO.ST:entry:2026-08-19,pead,BICO.ST,entry,2026-08-19,SE,5,5.4025,2.5442,2.8583
pead:SUS.ST:entry:2026-08-19,pead,SUS.ST,entry,2026-08-19,SE,5,6.8499,2.5442,4.3056
exits:CHEF.ST:ma50_break:2026-08-19,exits,CHEF.ST,ma50_break,2026-08-19,SE,5,-3.231,2.5442,-5.7752
exits:HTRO.ST:ma50_break:2026-08-19,exits,HTRO.ST,ma50_break,2026-08-19,SE,5,4.2498,2.5442,1.7056
exits:MS:ma50_break:2026-08-19,exits,MS,ma50_break,2026-08-19,US,5,-0.07,-0.3875,0.3175
exits:MYCR.ST:ma50_break:2026-08-19,exits,MYCR.ST,ma50_break,2026-08-19,SE,5,5.1559,2.5442,2.6117
breakout:HUM.ST:breakout:2026-08-19,breakout,HUM.ST,breakout,2026-08-19,SE,5,1.4451,2.5442,-1.0991
breakout:SYNACT.ST:breakout:2026-08-19,breakout,SYNACT.ST,breakout,2026-08-19,SE,5,-11.3287,2.5442,-13.8729
scanner:GRANGX.ST:big_move:2026-08-20,scanner,GRANGX.ST,big_move,2026-08-20,SE,5,nan,2.0873,nan
scanner:ACCON.ST:volume_spike:2026-08-20,scanner,ACCON.ST,volume_spike,2026-08-20,SE,5,nan,2.0873,nan
scanner:SSAB-B.ST:volume_spike:2026-08-20,scanner,SSAB-B.ST,volume_spike,2026-08-20,SE,5,nan,2.0873,nan
scanner:SSAB-A.ST:volume_spike:2026-08-20,scanner,SSAB-A.ST,volume_spike,2026-08-20,SE,5,nan,2.0873,nan
scanner:HTRO.ST:big_move:2026-08-20,scanner,HTRO.ST,big_move,2026-08-20,SE,5,nan,2.0873,nan
scanner:MVIR.ST:volume_spike:2026-08-20,scanner,MVIR.ST,volume_spike,2026-08-20,SE,5,nan,2.0873,nan
scanner:BOOZT.ST:volume_spike:2026-08-20,scanner,BOOZT.ST,volume_spike,2026-08-20,SE,5,nan,2.0873,nan
scanner:SPRINT.ST:volume_spike:2026-08-20,scanner,SPRINT.ST,volume_spike,2026-08-20,SE,5,nan,2.0873,nan
scanner:MORROW.ST:volume_spike:2026-08-20,scanner,MORROW.ST,volume_spike,2026-08-20,SE,5,nan,2.0873,nan
scanner:MRK:volume_spike:2026-08-20,scanner,MRK,volume_spike,2026-08-20,US,5,0.3691,1.1146,-0.7455
pead:WMT:entry:2026-08-20,pead,WMT,entry,2026-08-20,US,5,-0.9286,1.1146,-2.0432
pead:ACE.ST:entry:2026-08-20,pead,ACE.ST,entry,2026-08-20,SE,5,nan,2.0873,nan
pead:CANTA.ST:entry:2026-08-20,pead,CANTA.ST,entry,2026-08-20,SE,5,nan,2.0873,nan
pead:KAR.ST:entry:2026-08-20,pead,KAR.ST,entry,2026-08-20,SE,5,nan,2.0873,nan
pead:MVIR.ST:entry:2026-08-20,pead,MVIR.ST,entry,2026-08-20,SE,5,nan,2.0873,nan
exits:ACCON.ST:drawdown:2026-08-20,exits,ACCON.ST,drawdown,2026-08-20,SE,5,nan,2.0873,nan
exits:SSAB-A.ST:ma50_break:2026-08-20,exits,SSAB-A.ST,ma50_break,2026-08-20,SE,5,nan,2.0873,nan
exits:SSAB-B.ST:ma50_break:2026-08-20,exits,SSAB-B.ST,ma50_break,2026-08-20,SE,5,nan,2.0873,nan
breakout:HUM.ST:breakout:2026-08-20,breakout,HUM.ST,breakout,2026-08-20,SE,5,nan,2.0873,nan
scanner:SIVE.ST:big_move:2026-08-25,scanner,SIVE.ST,big_move,2026-08-25,SE,1,1.0274,0.2435,0.7839
scanner:ACAST.ST:volume_spike:2026-08-25,scanner,ACAST.ST,volume_spike,2026-08-25,SE,1,0.2789,0.2435,0.0354
scanner:SSAB-A.ST:volume_spike:2026-08-25,scanner,SSAB-A.ST,volume_spike,2026-08-25,SE,1,3.6246,0.2435,3.3811
scanner:MVIR.ST:volume_spike:2026-08-25,scanner,MVIR.ST,volume_spike,2026-08-25,SE,1,-2.4038,0.2435,-2.6473
scanner:HOFI.ST:volume_spike:2026-08-25,scanner,HOFI.ST,volume_spike,2026-08-25,SE,1,-0.0912,0.2435,-0.3347
scanner:ACCON.ST:volume_spike:2026-08-25,scanner,ACCON.ST,volume_spike,2026-08-25,SE,1,-4.9942,0.2435,-5.2377
pead:ZZ-B.ST:entry:2026-08-25,pead,ZZ-B.ST,entry,2026-08-25,SE,1,0.5494,0.2435,0.3059
breakout:TERNOR.ST:breakout:2026-08-25,breakout,TERNOR.ST,breakout,2026-08-25,SE,1,1.0,0.2435,0.7565
scanner:SIVE.ST:big_move:2026-08-26,scanner,SIVE.ST,big_move,2026-08-26,SE,1,nan,0.0,nan
scanner:MVIR.ST:big_move:2026-08-26,scanner,MVIR.ST,big_move,2026-08-26,SE,1,nan,0.0,nan
scanner:MORROW.ST:volume_spike:2026-08-26,scanner,MORROW.ST,volume_spike,2026-08-26,SE,1,nan,0.0,nan
scanner:SSAB-A.ST:volume_spike:2026-08-26,scanner,SSAB-A.ST,volume_spike,2026-08-26,SE,1,nan,0.0,nan
scanner:MVIR.ST:volume_spike:2026-08-26,scanner,MVIR.ST,volume_spike,2026-08-26,SE,1,nan,0.0,nan
scanner:ACCON.ST:volume_spike:2026-08-26,scanner,ACCON.ST,volume_spike,2026-08-26,SE,1,nan,0.0,nan
scanner:SPRINT.ST:volume_spike:2026-08-26,scanner,SPRINT.ST,volume_spike,2026-08-26,SE,1,nan,0.0,nan
pead:CRM:entry:2026-08-26,pead,CRM,entry,2026-08-26,US,1,22.5805,0.6553,21.9252
pead:INTU:entry:2026-08-26,pead,INTU,entry,2026-08-26,US,1,0.6129,0.6553,-0.0424
scanner:SIVE.ST:big_move:2026-07-29,scanner,SIVE.ST,big_move,2026-07-29,SE,20,31.5985,3.331,28.2675
scanner:HTRO.ST:big_move:2026-07-29,scanner,HTRO.ST,big_move,2026-07-29,SE,20,11.1633,3.331,7.8323
scanner:MYCR.ST:big_move:2026-07-29,scanner,MYCR.ST,big_move,2026-07-29,SE,20,6.6495,3.331,3.3184
scanner:NCAB.ST:volume_spike:2026-07-29,scanner,NCAB.ST,volume_spike,2026-07-29,SE,20,16.5152,3.331,13.1841
scanner:NOKIA-SEK.ST:volume_spike:2026-07-29,scanner,NOKIA-SEK.ST,volume_spike,2026-07-29,SE,20,17.1326,3.331,13.8016
scanner:SINCH.ST:volume_spike:2026-07-29,scanner,SINCH.ST,volume_spike,2026-07-29,SE,20,12.2864,3.331,8.9553
scanner:EPIS-B.ST:big_move:2026-07-29,scanner,EPIS-B.ST,big_move,2026-07-29,SE,20,29.1449,3.331,25.8138
scanner:INSTAL.ST:volume_spike:2026-07-29,scanner,INSTAL.ST,volume_spike,2026-07-29,SE,20,2.1978,3.331,-1.1332
scanner:AMD:big_move:2026-07-29,scanner,AMD,big_move,2026-07-29,US,20,11.9587,5.0202,6.9386
scanner:CAT:volume_spike:2026-07-29,scanner,CAT,volume_spike,2026-07-29,US,20,5.0108,5.0202,-0.0094
scanner:QCOM:big_move:2026-07-29,scanner,QCOM,big_move,2026-07-29,US,20,5.1644,5.0202,0.1443
pead:KO:entry:2026-07-29,pead,KO,entry,2026-07-29,US,20,1.1226,5.0202,-3.8976
scanner:SSAB-B.ST:big_move:2026-08-21,scanner,SSAB-B.ST,big_move,2026-08-21,SE,5,nan,0.8839,nan
scanner:SPRINT.ST:big_move:2026-08-21,scanner,SPRINT.ST,big_move,2026-08-21,SE,5,nan,0.8839,nan
scanner:SSAB-A.ST:big_move:2026-08-21,scanner,SSAB-A.ST,big_move,2026-08-21,SE,5,nan,0.8839,nan
scanner:MVIR.ST:big_move:2026-08-21,scanner,MVIR.ST,big_move,2026-08-21,SE,5,nan,0.8839,nan
scanner:SPRINT.ST:volume_spike:2026-08-21,scanner,SPRINT.ST,volume_spike,2026-08-21,SE,5,nan,0.8839,nan
scanner:SSAB-A.ST:volume_spike:2026-08-21,scanner,SSAB-A.ST,volume_spike,2026-08-21,SE,5,nan,0.8839,nan
scanner:LUMI.ST:volume_spike:2026-08-21,scanner,LUMI.ST,volume_spike,2026-08-21,SE,5,nan,0.8839,nan
scanner:MVIR.ST:volume_spike:2026-08-21,scanner,MVIR.ST,volume_spike,2026-08-21,SE,5,nan,0.8839,nan
scanner:ACCON.ST:volume_spike:2026-08-21,scanner,ACCON.ST,volume_spike,2026-08-21,SE,5,nan,0.8839,nan
scanner:SSAB-B.ST:volume_spike:2026-08-21,scanner,SSAB-B.ST,volume_spike,2026-08-21,SE,5,nan,0.8839,nan
scanner:SIVE.ST:big_move:2026-08-21,scanner,SIVE.ST,big_move,2026-08-21,SE,5,nan,0.8839,nan
pead:EGTX.ST:entry:2026-08-21,pead,EGTX.ST,entry,2026-08-21,SE,5,nan,0.8839,nan
pead:NIBE-B.ST:entry:2026-08-21,pead,NIBE-B.ST,entry,2026-08-21,SE,5,nan,0.8839,nan
pead:SYNSAM.ST:entry:2026-08-21,pead,SYNSAM.ST,entry,2026-08-21,SE,5,nan,0.8839,nan
scanner:GRANGX.ST:big_move:2026-08-27,scanner,GRANGX.ST,big_move,2026-08-27,SE,1,nan,0.0,nan
scanner:SPRINT.ST:volume_spike:2026-08-27,scanner,SPRINT.ST,volume_spike,2026-08-27,SE,1,nan,0.0,nan
scanner:MORROW.ST:big_move:2026-08-27,scanner,MORROW.ST,big_move,2026-08-27,SE,1,nan,0.0,nan
scanner:SIVE.ST:big_move:2026-08-27,scanner,SIVE.ST,big_move,2026-08-27,SE,1,nan,0.0,nan
scanner:HTRO.ST:big_move:2026-08-27,scanner,HTRO.ST,big_move,2026-08-27,SE,1,nan,0.0,nan
scanner:MORROW.ST:volume_spike:2026-08-27,scanner,MORROW.ST,volume_spike,2026-08-27,SE,1,nan,0.0,nan
scanner:NVDA:volume_spike:2026-08-27,scanner,NVDA,volume_spike,2026-08-27,US,1,-4.575,-0.2269,-4.348
scanner:NOKIA-SEK.ST:volume_spike:2026-07-30,scanner,NOKIA-SEK.ST,volume_spike,2026-07-30,SE,20,14.4462,2.7216,11.7247
scanner:EPIS-B.ST:volume_spike:2026-07-30,scanner,EPIS-B.ST,volume_spike,2026-07-30,SE,20,29.0323,2.7216,26.3107
scanner:ABB.ST:volume_spike:2026-07-30,scanner,ABB.ST,volume_spike,2026-07-30,SE,20,1.2298,2.7216,-1.4918
scanner:SPRINT.ST:volume_spike:2026-07-30,scanner,SPRINT.ST,volume_spike,2026-07-30,SE,20,-11.7962,2.7216,-14.5178
scanner:SIVE.ST:big_move:2026-07-30,scanner,SIVE.ST,big_move,2026-07-30,SE,20,19.5767,2.7216,16.8552
scanner:AMD:big_move:2026-07-30,scanner,AMD,big_move,2026-07-30,US,20,-1.7965,3.9653,-5.7618
scanner:AMD:volume_spike:2026-07-30,scanner,AMD,volume_spike,2026-07-30,US,20,-1.7965,3.9653,-5.7618
scanner:QCOM:volume_spike:2026-07-30,scanner,QCOM,volume_spike,2026-07-30,US,20,8.6939,3.9653,4.7287
scanner:CAT:volume_spike:2026-07-30,scanner,CAT,volume_spike,2026-07-30,US,20,0.9714,3.9653,-2.9939
pead:MSFT:entry:2026-07-30,pead,MSFT,entry,2026-07-30,US,20,12.1726,3.9653,8.2074
pead:MA:entry:2026-07-30,pead,MA,entry,2026-07-30,US,20,2.4907,3.9653,-1.4746
pead:ELUX-B.ST:entry:2026-07-30,pead,ELUX-B.ST,entry,2026-07-30,SE,20,-2.2269,2.7216,-4.9484
pead:HEXA-B.ST:entry:2026-07-30,pead,HEXA-B.ST,entry,2026-07-30,SE,20,6.5891,2.7216,3.8676
pead:STORY-B.ST:entry:2026-07-30,pead,STORY-B.ST,entry,2026-07-30,SE,20,0.092,2.7216,-2.6296
scanner:HTRO.ST:big_move:2026-07-31,scanner,HTRO.ST,big_move,2026-07-31,SE,20,9.8733,2.5978,7.2754
scanner:NCAB.ST:big_move:2026-07-31,scanner,NCAB.ST,big_move,2026-07-31,SE,20,15.5523,2.5978,12.9545
scanner:NOKIA-SEK.ST:big_move:2026-07-31,scanner,NOKIA-SEK.ST,big_move,2026-07-31,SE,20,15.3274,2.5978,12.7295
scanner:NOKIA-SEK.ST:volume_spike:2026-07-31,scanner,NOKIA-SEK.ST,volume_spike,2026-07-31,SE,20,15.3274,2.5978,12.7295
scanner:SIVE.ST:volume_spike:2026-07-31,scanner,SIVE.ST,volume_spike,2026-07-31,SE,20,-11.1256,2.5978,-13.7234
scanner:EPIS-B.ST:big_move:2026-07-31,scanner,EPIS-B.ST,big_move,2026-07-31,SE,20,28.5476,2.5978,25.9497
scanner:ORRON.ST:volume_spike:2026-07-31,scanner,ORRON.ST,volume_spike,2026-07-31,SE,20,5.1176,2.5978,2.5197
scanner:ABB.ST:volume_spike:2026-07-31,scanner,ABB.ST,volume_spike,2026-07-31,SE,20,1.3265,2.5978,-1.2714
scanner:SPRINT.ST:volume_spike:2026-07-31,scanner,SPRINT.ST,volume_spike,2026-07-31,SE,20,-11.6667,2.5978,-14.2645
scanner:AAPL:volume_spike:2026-07-31,scanner,AAPL,volume_spike,2026-07-31,US,20,3.5822,2.9878,0.5944
scanner:GOOGL:big_move:2026-07-31,scanner,GOOGL,big_move,2026-07-31,US,20,-2.6788,2.9878,-5.6666
pead:AAPL:entry:2026-07-31,pead,AAPL,entry,2026-07-31,US,20,3.5822,2.9878,0.5944
pead:AMZN:entry:2026-07-31,pead,AMZN,entry,2026-07-31,US,20,-1.8963,2.9878,-4.8841
pead:XOM:entry:2026-07-31,pead,XOM,entry,2026-07-31,US,20,1.4698,2.9878,-1.518
pead:CVX:entry:2026-07-31,pead,CVX,entry,2026-07-31,US,20,3.4505,2.9878,0.4627
breakout:DXCM:breakout:2026-07-31,breakout,DXCM,breakout,2026-07-31,US,20,8.8316,2.9878,5.8438
pead:NVDA:entry:2026-08-28,pead,NVDA,entry,2026-08-28,US,1,1.4847,-0.299,1.7837
exits:ACCON.ST:ma50_break:2026-08-28,exits,ACCON.ST,ma50_break,2026-08-28,SE,1,nan,0.0,nan
exits:LLY:ma50_break:2026-08-28,exits,LLY,ma50_break,2026-08-28,US,1,-1.5222,-0.299,-1.2233
breakout:ADSK:breakout:2026-08-28,breakout,ADSK,breakout,2026-08-28,US,1,-0.8172,-0.299,-0.5182
breakout:CRM:breakout:2026-08-28,breakout,CRM,breakout,2026-08-28,US,1,0.6016,-0.299,0.9005
breakout:TRUE-B.ST:breakout:2026-08-28,breakout,TRUE-B.ST,breakout,2026-08-28,SE,1,nan,0.0,nan
scanner:GRANGX.ST:big_move:2026-08-28,scanner,GRANGX.ST,big_move,2026-08-28,SE,1,nan,0.0,nan
scanner:BOOZT.ST:volume_spike:2026-08-28,scanner,BOOZT.ST,volume_spike,2026-08-28,SE,1,nan,0.0,nan
scanner:SIVE.ST:volume_spike:2026-08-28,scanner,SIVE.ST,volume_spike,2026-08-28,SE,1,nan,0.0,nan
scanner:SINCH.ST:big_move:2026-08-28,scanner,SINCH.ST,big_move,2026-08-28,SE,1,nan,0.0,nan
scanner:SSAB-B.ST:volume_spike:2026-08-24,scanner,SSAB-B.ST,volume_spike,2026-08-24,SE,5,nan,0.5573,nan
scanner:SSAB-A.ST:volume_spike:2026-08-24,scanner,SSAB-A.ST,volume_spike,2026-08-24,SE,5,nan,0.5573,nan
scanner:MVIR.ST:volume_spike:2026-08-24,scanner,MVIR.ST,volume_spike,2026-08-24,SE,5,nan,0.5573,nan
scanner:BOOZT.ST:volume_spike:2026-08-24,scanner,BOOZT.ST,volume_spike,2026-08-24,SE,5,nan,0.5573,nan
scanner:SPRINT.ST:volume_spike:2026-08-24,scanner,SPRINT.ST,volume_spike,2026-08-24,SE,5,nan,0.5573,nan
scanner:SWED-A.ST:volume_spike:2026-08-24,scanner,SWED-A.ST,volume_spike,2026-08-24,SE,5,nan,0.5573,nan
scanner:SIVE.ST:big_move:2026-08-24,scanner,SIVE.ST,big_move,2026-08-24,SE,5,nan,0.5573,nan
scanner:HOFI.ST:volume_spike:2026-08-24,scanner,HOFI.ST,volume_spike,2026-08-24,SE,5,nan,0.5573,nan
pead:EPIS-B.ST:entry:2026-08-24,pead,EPIS-B.ST,entry,2026-08-24,SE,5,nan,0.5573,nan
exits:ACAST.ST:ma50_break:2026-08-24,exits,ACAST.ST,ma50_break,2026-08-24,SE,5,nan,0.5573,nan
exits:ACCON.ST:drawdown:2026-08-24,exits,ACCON.ST,drawdown,2026-08-24,SE,5,nan,0.5573,nan
exits:AMD:ma50_break:2026-08-24,exits,AMD,ma50_break,2026-08-24,US,5,3.0586,0.4689,2.5897
exits:CAT:ma50_break:2026-08-24,exits,CAT,ma50_break,2026-08-24,US,5,-1.6707,0.4689,-2.1397
exits:CHEF.ST:ma50_break:2026-08-24,exits,CHEF.ST,ma50_break,2026-08-24,SE,5,nan,0.5573,nan
exits:CSCO:ma50_break:2026-08-24,exits,CSCO,ma50_break,2026-08-24,US,5,0.2359,0.4689,-0.233
exits:GOOGL:ma50_break:2026-08-24,exits,GOOGL,ma50_break,2026-08-24,US,5,-2.5024,0.4689,-2.9714
exits:GS:ma50_break:2026-08-24,exits,GS,ma50_break,2026-08-24,US,5,-1.0017,0.4689,-1.4706
exits:HTRO.ST:ma50_break:2026-08-24,exits,HTRO.ST,ma50_break,2026-08-24,SE,5,nan,0.5573,nan
exits:INDU-A.ST:ma50_break:2026-08-24,exits,INDU-A.ST,ma50_break,2026-08-24,SE,5,nan,0.5573,nan
exits:INSTAL.ST:ma50_break:2026-08-24,exits,INSTAL.ST,ma50_break,2026-08-24,SE,5,nan,0.5573,nan
exits:MS:ma50_break:2026-08-24,exits,MS,ma50_break,2026-08-24,US,5,-0.355,0.4689,-0.8239
exits:MYCR.ST:ma50_break:2026-08-24,exits,MYCR.ST,ma50_break,2026-08-24,SE,5,nan,0.5573,nan
exits:NOKIA-SEK.ST:ma50_break:2026-08-24,exits,NOKIA-SEK.ST,ma50_break,2026-08-24,SE,5,nan,0.5573,nan
exits:SIVE.ST:ma50_break:2026-08-24,exits,SIVE.ST,ma50_break,2026-08-24,SE,5,nan,0.5573,nan
exits:SOBI.ST:ma50_break:2026-08-24,exits,SOBI.ST,ma50_break,2026-08-24,SE,5,nan,0.5573,nan
exits:SPRINT.ST:ma50_break:2026-08-24,exits,SPRINT.ST,ma50_break,2026-08-24,SE,5,nan,0.5573,nan
exits:SWED-A.ST:ma50_break:2026-08-24,exits,SWED-A.ST,ma50_break,2026-08-24,SE,5,nan,0.5573,nan
exits:TXN:ma50_break:2026-08-24,exits,TXN,ma50_break,2026-08-24,US,5,0.7608,0.4689,0.2919
exits:UNH:ma50_break:2026-08-24,exits,UNH,ma50_break,2026-08-24,US,5,-2.3448,0.4689,-2.8137
pead:GOMX.ST:entry:2026-08-29,pead,GOMX.ST,entry,2026-08-29,SE,1,nan,0.0,nan
scanner:SIVE.ST:big_move:2026-08-25,scanner,SIVE.ST,big_move,2026-08-25,SE,5,-29.7374,-1.562,-28.1755
scanner:ACAST.ST:volume_spike:2026-08-25,scanner,ACAST.ST,volume_spike,2026-08-25,SE,5,-4.463,-1.562,-2.9011
scanner:SSAB-A.ST:volume_spike:2026-08-25,scanner,SSAB-A.ST,volume_spike,2026-08-25,SE,5,0.5462,-1.562,2.1081
scanner:MVIR.ST:volume_spike:2026-08-25,scanner,MVIR.ST,volume_spike,2026-08-25,SE,5,-4.9038,-1.562,-3.3419
scanner:HOFI.ST:volume_spike:2026-08-25,scanner,HOFI.ST,volume_spike,2026-08-25,SE,5,-2.9197,-1.562,-1.3577
scanner:ACCON.ST:volume_spike:2026-08-25,scanner,ACCON.ST,volume_spike,2026-08-25,SE,5,-8.4785,-1.562,-6.9165
pead:ZZ-B.ST:entry:2026-08-25,pead,ZZ-B.ST,entry,2026-08-25,SE,5,-6.1126,-1.562,-4.5507
breakout:TERNOR.ST:breakout:2026-08-25,breakout,TERNOR.ST,breakout,2026-08-25,SE,5,-3.5,-1.562,-1.938
scanner:SIVE.ST:big_move:2026-08-31,scanner,SIVE.ST,big_move,2026-08-31,SE,1,-7.4436,-1.2919,-6.1517
scanner:SIVE.ST:volume_spike:2026-08-31,scanner,SIVE.ST,volume_spike,2026-08-31,SE,1,-7.4436,-1.2919,-6.1517
scanner:ACAST.ST:volume_spike:2026-08-31,scanner,ACAST.ST,volume_spike,2026-08-31,SE,1,-2.6989,-1.2919,-1.407
scanner:GRANGX.ST:big_move:2026-08-31,scanner,GRANGX.ST,big_move,2026-08-31,SE,1,0.9472,-1.2919,2.2391
scanner:BOOZT.ST:volume_spike:2026-08-31,scanner,BOOZT.ST,volume_spike,2026-08-31,SE,1,0.3333,-1.2919,1.6252
scanner:HTRO.ST:volume_spike:2026-08-31,scanner,HTRO.ST,volume_spike,2026-08-31,SE,1,-3.4337,-1.2919,-2.1418
pead:EOLU-B.ST:entry:2026-08-31,pead,EOLU-B.ST,entry,2026-08-31,SE,1,0.5336,-1.2919,1.8255
pead:NANEXA.ST:entry:2026-08-31,pead,NANEXA.ST,entry,2026-08-31,SE,1,6.619,-1.2919,7.9108
pead:ONCO.ST:entry:2026-08-31,pead,ONCO.ST,entry,2026-08-31,SE,1,-2.0942,-1.2919,-0.8024
exits:ACAST.ST:ma50_break:2026-08-31,exits,ACAST.ST,ma50_break,2026-08-31,SE,1,-2.6989,-1.2919,-1.407
exits:ACCON.ST:ma50_break:2026-08-31,exits,ACCON.ST,ma50_break,2026-08-31,SE,1,0.3822,-1.2919,1.674
exits:AMD:ma50_break:2026-08-31,exits,AMD,ma50_break,2026-08-31,US,1,-2.3602,-0.687,-1.6732
exits:BOOZT.ST:ma50_break:2026-08-31,exits,BOOZT.ST,ma50_break,2026-08-31,SE,1,0.3333,-1.2919,1.6252
exits:CAT:ma50_break:2026-08-31,exits,CAT,ma50_break,2026-08-31,US,1,-2.296,-0.687,-1.609
exits:CHEF.ST:ma50_break:2026-08-31,exits,CHEF.ST,ma50_break,2026-08-31,SE,1,-0.8547,-1.2919,0.4372
exits:CSCO:ma50_break:2026-08-31,exits,CSCO,ma50_break,2026-08-31,US,1,-0.6788,-0.687,0.0082
exits:GOOGL:ma50_break:2026-08-31,exits,GOOGL,ma50_break,2026-08-31,US,1,-1.276,-0.687,-0.5889
exits:GRANGX.ST:drawdown:2026-08-31,exits,GRANGX.ST,drawdown,2026-08-31,SE,1,0.9472,-1.2919,2.2391
exits:GS:ma50_break:2026-08-31,exits,GS,ma50_break,2026-08-31,US,1,-1.7965,-0.687,-1.1094
exits:INSTAL.ST:ma50_break:2026-08-31,exits,INSTAL.ST,ma50_break,2026-08-31,SE,1,0.6316,-1.2919,1.9234
exits:LLY:ma50_break:2026-08-31,exits,LLY,ma50_break,2026-08-31,US,1,0.2827,-0.687,0.9697
exits:MS:ma50_break:2026-08-31,exits,MS,ma50_break,2026-08-31,US,1,-1.0688,-0.687,-0.3818
exits:NOKIA-SEK.ST:ma50_break:2026-08-31,exits,NOKIA-SEK.ST,ma50_break,2026-08-31,SE,1,-1.6275,-1.2919,-0.3357
exits:SIVE.ST:ma50_break:2026-08-31,exits,SIVE.ST,ma50_break,2026-08-31,SE,1,-7.4436,-1.2919,-6.1517
exits:SPRINT.ST:ma50_break:2026-08-31,exits,SPRINT.ST,ma50_break,2026-08-31,SE,1,3.125,-1.2919,4.4169
exits:TXN:ma50_break:2026-08-31,exits,TXN,ma50_break,2026-08-31,US,1,-2.9014,-0.687,-2.2143
exits:UNH:ma50_break:2026-08-31,exits,UNH,ma50_break,2026-08-31,US,1,1.7693,-0.687,2.4564
breakout:BULTEN.ST:breakout:2026-08-31,breakout,BULTEN.ST,breakout,2026-08-31,SE,1,2.473,-1.2919,3.7648
breakout:INDT.ST:breakout:2026-08-31,breakout,INDT.ST,breakout,2026-08-31,SE,1,-2.0602,-1.2919,-0.7684
breakout:TROAX.ST:breakout:2026-08-31,breakout,TROAX.ST,breakout,2026-08-31,SE,1,-2.1563,-1.2919,-0.8645
stocks:GRANGX.ST:buy:2026-08-03,stocks,GRANGX.ST,buy,2026-08-03,SE,20,-14.6651,1.0613,-15.7264
stocks:HOFI.ST:buy:2026-08-03,stocks,HOFI.ST,buy,2026-08-03,SE,20,1.577,1.0613,0.5157
stocks:BOOZT.ST:buy:2026-08-03,stocks,BOOZT.ST,buy,2026-08-03,SE,20,-9.0358,1.0613,-10.097
stocks:ALLEI.ST:buy:2026-08-03,stocks,ALLEI.ST,buy,2026-08-03,SE,20,5.6995,1.0613,4.6382
stocks:LUMI.ST:buy:2026-08-03,stocks,LUMI.ST,buy,2026-08-03,SE,20,8.5061,1.0613,7.4449
stocks:SSAB-B.ST:buy:2026-08-03,stocks,SSAB-B.ST,buy,2026-08-03,SE,20,1.9118,1.0613,0.8505
stocks:MRK:buy:2026-08-03,stocks,MRK,buy,2026-08-03,US,20,15.6453,1.238,14.4073
stocks:LLY:buy:2026-08-03,stocks,LLY,buy,2026-08-03,US,20,3.302,1.238,2.064
multifactor:SWED-A.ST:buy:2026-08-03,multifactor,SWED-A.ST,buy,2026-08-03,SE,20,-2.0057,1.0613,-3.067
multifactor:BUFAB.ST:buy:2026-08-03,multifactor,BUFAB.ST,buy,2026-08-03,SE,20,-2.193,1.0613,-3.2542
multifactor:INDU-C.ST:buy:2026-08-03,multifactor,INDU-C.ST,buy,2026-08-03,SE,20,-2.853,1.0613,-3.9143
scanner:GRANGX.ST:big_move:2026-08-03,scanner,GRANGX.ST,big_move,2026-08-03,SE,20,-14.6651,1.0613,-15.7264
scanner:SINCH.ST:volume_spike:2026-08-03,scanner,SINCH.ST,volume_spike,2026-08-03,SE,20,15.7594,1.0613,14.6981
scanner:SIVE.ST:big_move:2026-08-03,scanner,SIVE.ST,big_move,2026-08-03,SE,20,-14.6889,1.0613,-15.7502
scanner:SOBI.ST:big_move:2026-08-03,scanner,SOBI.ST,big_move,2026-08-03,SE,20,3.1651,1.0613,2.1039
scanner:GOOGL:volume_spike:2026-08-03,scanner,GOOGL,volume_spike,2026-08-03,US,20,-9.1457,1.238,-10.3837
scanner:TXN:volume_spike:2026-08-03,scanner,TXN,volume_spike,2026-08-03,US,20,-3.0219,1.238,-4.2599
scanner:SIVE.ST:big_move:2026-08-26,scanner,SIVE.ST,big_move,2026-08-26,SE,5,-37.5706,-2.4246,-35.146
scanner:MVIR.ST:big_move:2026-08-26,scanner,MVIR.ST,big_move,2026-08-26,SE,5,-4.6305,-2.4246,-2.2059
scanner:MORROW.ST:volume_spike:2026-08-26,scanner,MORROW.ST,volume_spike,2026-08-26,SE,5,-1.4379,-2.4246,0.9867
scanner:SSAB-A.ST:volume_spike:2026-08-26,scanner,SSAB-A.ST,volume_spike,2026-08-26,SE,5,-3.3541,-2.4246,-0.9295
scanner:MVIR.ST:volume_spike:2026-08-26,scanner,MVIR.ST,volume_spike,2026-08-26,SE,5,-4.6305,-2.4246,-2.2059
scanner:ACCON.ST:volume_spike:2026-08-26,scanner,ACCON.ST,volume_spike,2026-08-26,SE,5,-3.1785,-2.4246,-0.7539
scanner:SPRINT.ST:volume_spike:2026-08-26,scanner,SPRINT.ST,volume_spike,2026-08-26,SE,5,2.1807,-2.4246,4.6053
pead:CRM:entry:2026-08-26,pead,CRM,entry,2026-08-26,US,5,24.9538,-0.1201,25.0739
pead:INTU:entry:2026-08-26,pead,INTU,entry,2026-08-26,US,5,-0.85,-0.1201,-0.7299
stocks:NANEXA.ST:buy:2026-09-01,stocks,NANEXA.ST,buy,2026-09-01,SE,1,-2.6846,-0.6349,-2.0496
stocks:MORROW.ST:buy:2026-09-01,stocks,MORROW.ST,buy,2026-09-01,SE,1,2.4456,-0.6349,3.0806
stocks:KJELL.ST:buy:2026-09-01,stocks,KJELL.ST,buy,2026-09-01,SE,1,3.3113,-0.6349,3.9462
stocks:SINCH.ST:buy:2026-09-01,stocks,SINCH.ST,buy,2026-09-01,SE,1,-2.0676,-0.6349,-1.4326
stocks:AMGN:buy:2026-09-01,stocks,AMGN,buy,2026-09-01,US,1,1.0773,0.4437,0.6336
stocks:JNJ:buy:2026-09-01,stocks,JNJ,buy,2026-09-01,US,1,1.4824,0.4437,1.0387
multifactor:MTG-B.ST:buy:2026-09-01,multifactor,MTG-B.ST,buy,2026-09-01,SE,1,-0.5259,-0.6349,0.109
multifactor:TROAX.ST:buy:2026-09-01,multifactor,TROAX.ST,buy,2026-09-01,SE,1,-1.9284,-0.6349,-1.2934
multifactor:SEB-A.ST:buy:2026-09-01,multifactor,SEB-A.ST,buy,2026-09-01,SE,1,-0.0448,-0.6349,0.5902
multifactor:BURE.ST:buy:2026-09-01,multifactor,BURE.ST,buy,2026-09-01,SE,1,-1.5625,-0.6349,-0.9276
multifactor:CLAS-B.ST:buy:2026-09-01,multifactor,CLAS-B.ST,buy,2026-09-01,SE,1,-3.2666,-0.6349,-2.6316
scanner:NANEXA.ST:volume_spike:2026-09-01,scanner,NANEXA.ST,volume_spike,2026-09-01,SE,1,-2.6846,-0.6349,-2.0496
scanner:MYCR.ST:volume_spike:2026-09-01,scanner,MYCR.ST,volume_spike,2026-09-01,SE,1,-3.0148,-0.6349,-2.3798
scanner:ACCON.ST:big_move:2026-09-01,scanner,ACCON.ST,big_move,2026-09-01,SE,1,0.5076,-0.6349,1.1426
scanner:NOKIA-SEK.ST:volume_spike:2026-09-01,scanner,NOKIA-SEK.ST,volume_spike,2026-09-01,SE,1,-0.5445,-0.6349,0.0904
scanner:BURE.ST:volume_spike:2026-09-01,scanner,BURE.ST,volume_spike,2026-09-01,SE,1,-1.5625,-0.6349,-0.9276
scanner:SIVE.ST:volume_spike:2026-09-01,scanner,SIVE.ST,volume_spike,2026-09-01,SE,1,-10.2356,-0.6349,-9.6006
scanner:HTRO.ST:volume_spike:2026-09-01,scanner,HTRO.ST,volume_spike,2026-09-01,SE,1,0.335,-0.6349,0.9699
scanner:LUMI.ST:big_move:2026-09-01,scanner,LUMI.ST,big_move,2026-09-01,SE,1,0.8512,-0.6349,1.4862
exits:SIVE.ST:ma200_break:2026-09-01,exits,SIVE.ST,ma200_break,2026-09-01,SE,1,-10.2356,-0.6349,-9.6006
scanner:GRANGX.ST:big_move:2026-08-04,scanner,GRANGX.ST,big_move,2026-08-04,SE,20,-12.2353,-1.7993,-10.436
scanner:SOBI.ST:big_move:2026-08-04,scanner,SOBI.ST,big_move,2026-08-04,SE,20,4.8602,-1.7993,6.6595
scanner:SIVE.ST:big_move:2026-08-04,scanner,SIVE.ST,big_move,2026-08-04,SE,20,-33.5672,-1.7993,-31.7679
scanner:NOKIA-SEK.ST:volume_spike:2026-08-04,scanner,NOKIA-SEK.ST,volume_spike,2026-08-04,SE,20,0.7809,-1.7993,2.5802
scanner:BOOZT.ST:volume_spike:2026-08-04,scanner,BOOZT.ST,volume_spike,2026-08-04,SE,20,-6.5217,-1.7993,-4.7224
scanner:SIVE.ST:volume_spike:2026-08-04,scanner,SIVE.ST,volume_spike,2026-08-04,SE,20,-33.5672,-1.7993,-31.7679
scanner:HTRO.ST:big_move:2026-08-04,scanner,HTRO.ST,big_move,2026-08-04,SE,20,-3.2652,-1.7993,-1.4659
scanner:CAT:big_move:2026-08-04,scanner,CAT,big_move,2026-08-04,US,20,-11.1096,-1.2381,-9.8715
scanner:LUMI.ST:big_move:2026-08-04,scanner,LUMI.ST,big_move,2026-08-04,SE,20,-0.2829,-1.7993,1.5164
scanner:AMD:volume_spike:2026-08-04,scanner,AMD,volume_spike,2026-08-04,US,20,-11.3714,-1.2381,-10.1333
scanner:CAT:volume_spike:2026-08-04,scanner,CAT,volume_spike,2026-08-04,US,20,-11.1096,-1.2381,-9.8715
scanner:MS:volume_spike:2026-08-04,scanner,MS,volume_spike,2026-08-04,US,20,-2.7645,-1.2381,-1.5263
pead:AMD:entry:2026-08-04,pead,AMD,entry,2026-08-04,US,20,-11.3714,-1.2381,-10.1333
pead:PLTR:entry:2026-08-04,pead,PLTR,entry,2026-08-04,US,20,10.6111,-1.2381,11.8492
pead:ASMDEE-B.ST:entry:2026-08-04,pead,ASMDEE-B.ST,entry,2026-08-04,SE,20,-6.4063,-1.7993,-4.607
scanner:GRANGX.ST:big_move:2026-08-27,scanner,GRANGX.ST,big_move,2026-08-27,SE,5,2.6525,-1.3021,3.9547
scanner:SPRINT.ST:volume_spike:2026-08-27,scanner,SPRINT.ST,volume_spike,2026-08-27,SE,5,0.0,-1.3021,1.3021
scanner:MORROW.ST:big_move:2026-08-27,scanner,MORROW.ST,big_move,2026-08-27,SE,5,1.4493,-1.3021,2.7514
scanner:SIVE.ST:big_move:2026-08-27,scanner,SIVE.ST,big_move,2026-08-27,SE,5,-29.5907,-1.3021,-28.2886
scanner:HTRO.ST:big_move:2026-08-27,scanner,HTRO.ST,big_move,2026-08-27,SE,5,-6.2455,-1.3021,-4.9433
scanner:MORROW.ST:volume_spike:2026-08-27,scanner,MORROW.ST,volume_spike,2026-08-27,SE,5,1.4493,-1.3021,2.7514
scanner:NVDA:volume_spike:2026-08-27,scanner,NVDA,volume_spike,2026-08-27,US,5,0.2062,0.2684,-0.0623
scanner:SIVE.ST:big_move:2026-09-02,scanner,SIVE.ST,big_move,2026-09-02,SE,1,15.2036,1.0013,14.2023
scanner:NANEXA.ST:volume_spike:2026-09-02,scanner,NANEXA.ST,volume_spike,2026-09-02,SE,1,0.3448,1.0013,-0.6565
scanner:SIVE.ST:volume_spike:2026-09-02,scanner,SIVE.ST,volume_spike,2026-09-02,SE,1,15.2036,1.0013,14.2023
scanner:MYCR.ST:volume_spike:2026-09-02,scanner,MYCR.ST,volume_spike,2026-09-02,SE,1,1.455,1.0013,0.4537
scanner:MORROW.ST:volume_spike:2026-09-02,scanner,MORROW.ST,volume_spike,2026-09-02,SE,1,2.122,1.0013,1.1207
scanner:JNJ:volume_spike:2026-09-02,scanner,JNJ,volume_spike,2026-09-02,US,1,1.17,1.0468,0.1232
exits:HTRO.ST:ma50_break:2026-09-02,exits,HTRO.ST,ma50_break,2026-09-02,SE,1,-0.5393,1.0013,-1.5406
exits:MYCR.ST:ma50_break:2026-09-02,exits,MYCR.ST,ma50_break,2026-09-02,SE,1,1.455,1.0013,0.4537
breakout:DELL:breakout:2026-09-02,breakout,DELL,breakout,2026-09-02,US,1,4.9147,1.0468,3.8678
